-- phpMyAdmin SQL Dump
-- version 5.2.1
-- https://www.phpmyadmin.net/
--
-- Host: 127.0.0.1
-- Generation Time: May 21, 2024 at 04:40 PM
-- Server version: 10.4.28-MariaDB
-- PHP Version: 8.2.4

SET SQL_MODE = "NO_AUTO_VALUE_ON_ZERO";
START TRANSACTION;
SET time_zone = "+00:00";


/*!40101 SET @OLD_CHARACTER_SET_CLIENT=@@CHARACTER_SET_CLIENT */;
/*!40101 SET @OLD_CHARACTER_SET_RESULTS=@@CHARACTER_SET_RESULTS */;
/*!40101 SET @OLD_COLLATION_CONNECTION=@@COLLATION_CONNECTION */;
/*!40101 SET NAMES utf8mb4 */;

--
-- Database: `preww_pixxel`
--

-- --------------------------------------------------------

--
-- Table structure for table `attandance`
--

CREATE TABLE `attandance` (
  `attendance_id` int(11) NOT NULL,
  `student_ids` varchar(500) NOT NULL,
  `batch_name` int(50) DEFAULT NULL,
  `attendance_teacher_id` varchar(100) NOT NULL,
  `attendance_date` varchar(50) DEFAULT NULL,
  `attendance_month` varchar(50) DEFAULT NULL,
  `attendance_year` varchar(20) NOT NULL,
  `attendance_status` varchar(500) DEFAULT NULL,
  `assigments` varchar(500) NOT NULL,
  `assigment_detail` longtext NOT NULL,
  `assigments_done` varchar(500) NOT NULL
) ENGINE=InnoDB DEFAULT CHARSET=utf8mb4 COLLATE=utf8mb4_general_ci;

--
-- Dumping data for table `attandance`
--

INSERT INTO `attandance` (`attendance_id`, `student_ids`, `batch_name`, `attendance_teacher_id`, `attendance_date`, `attendance_month`, `attendance_year`, `attendance_status`, `assigments`, `assigment_detail`, `assigments_done`) VALUES
(2, ',134', 25, '2', '30-09-2023', 'September', '2023', ',S', '', '', ',3'),
(3, '25,30,33,21', 22, '2', '30-09-2023', 'September', '2023', 'P,A,S,S', '', '', '3,3,3,3'),
(4, '36,38,43,47,48,56,76,78,147,148', 28, '2', '30-09-2023', 'September', '2023', 'P,P,P,A,P,P,P,P,S,S', 'Box Design', 'Apko class ma aj Box Designing, Shapes & Icons Design prhay thy\r\nye apka assignment ha', '1,1,0,0,1,1,0,1,3,3'),
(5, '37,40,45,46,137', 9, '4', '02-10-2023', 'October', '2023', 'P,P,P,A,S', 'Random Game', 'Create a prompt that selects a value between 1 to 10. If the value generated by the random(1 to 10) matches a randomly chosen value, the output will be \'You Win\'; otherwise, it will be \'You Lose.', '1,1,1,1,3'),
(6, '7,8,9,10,11,12,31,80,81', 10, '7', '02-10-2023', 'October', '2023', 'P,P,L,S,A,P,P,L,P', 'Mid project', 'brand logo redesign. after that all branding redesign', '1,1,1,1,1,0,0,0,0'),
(7, '32,39,60,61,64,79,113', 18, '4', '02-10-2023', 'October', '2023', 'P,P,P,P,P,P,S', 'PHP Patterns', 'Make PHP patterns as per given image.', '1,1,1,1,1,1,2'),
(8, '62,63,66,67,68,69,70,71,73,83,87,94', 19, '7', '02-10-2023', 'October', '2023', 'P,P,P,A,P,P,P,P,A,P,P,S', '', '', '2,2,2,2,2,2,2,2,2,2,2,2'),
(9, '58,65,82,84,86,91,92,52,114', 30, '4', '02-10-2023', 'October', '2023', 'P,P,P,P,P,P,A,S,S', '', '', '1,1,1,1,0,0,0,3,3'),
(10, '22,29,96,108,117', 8, '1', '03-10-2023', 'October', '2023', 'P,P,P,A,S', 'Keyword researching', '5 seeds keywords with \r\n10 primary and 5 secondary', '1,1,0,0,3'),
(11, ',134', 25, '2', '03-10-2023', 'October', '2023', ',S', '', '', ',3'),
(12, '36,38,43,47,48,56,76,78,147,148', 28, '2', '03-10-2023', 'October', '2023', 'P,P,P,P,P,P,P,P,S,S', 'Djuice logo', 'Djuice Logo apko banana hai ye shape tool sy design hoga isky apny color hi istamal hongy dusry color nahi hony chaiyan  sample image apko google pr mil jy gi', '1,1,0,0,1,1,1,0,3,3'),
(13, '24,54,74,77,123', 4, '3', '03-10-2023', 'October', '2023', 'P,P,A,P,S', 'Visiting card, letterhead, envelop', 'design any kind of visiting card / business card and also letterhead, envelop .  you should have to submit atleast (5 - five) designs pairs . ', '1,1,1,1,2'),
(14, '26,97,98,113,136', 20, '4', '03-10-2023', 'October', '2023', 'P,P,P,A,P,P,P,P,P,P,S', 'Leap Year', 'Prompt:\r\n\"Give me a year, and I will tell you if it\'s a leap year or not, stating it as \'YYYY is a leap year\' or \'YYYY is not a leap year\'.\"\r\n\r\nThis prompt instructs the model to provide a leap year determination for a given year in the requested format.', '1,1,1,1,2'),
(15, '28,35,51,53,55', 5, '3', '03-10-2023', 'October', '2023', 'P,P,S,A,P', 'One page website ', 'one page website  inner pages design assigment and link html pages ', '1,1,0,1,1'),
(16, '7,8,9,10,11,12,31,80,81', 10, '7', '04-10-2023', 'October', '2023', 'P,P,S,S,P,P,P,A,P', '', '', '3,3,3,3,3,3,3,3,3'),
(17, '32,39,60,61,64,79,113', 18, '4', '04-10-2023', 'October', '2023', 'P,P,P,P,P,P,S', 'Loop Assignment', '1. Make a loop with starting(1) and ending(10) points but loop will stop at 5.\r\n\r\n2. Make a loop with starting(1) and ending(10) points but loop will skip at 5.\r\n\r\n3. Make a loop with starting(0) and ending(as per array values) points. i.e; Dynamic loop for an array.', '1,1,1,1,1,1,2'),
(18, '62,63,66,67,68,69,70,71,73,83,87,94', 19, '7', '04-10-2023', 'October', '2023', 'P,P,P,L,P,P,P,P,A,P,P,S', 'Bazar PSD ', 'last date is 6 oct 2023', '2,2,2,2,2,2,2,2,2,2,2,2'),
(19, '34,44,50,72,100,122', 21, '3', '03-10-2023', 'October', '2023', 'A,P,A,A,S,S', '', '', '1,1,1,1,3,3'),
(20, '34,44,50,72,100,122', 21, '3', '02-10-2023', 'October', '2023', 'A,P,A,A,S,S', '', '', '1,1,1,1,3,3'),
(21, '34,44,50,72,100,122', 21, '3', '01-10-2023', 'October', '2023', 'A,P,A,A,S,S', '', '', '3,3,3,3,3,3'),
(22, '34,44,50,72,100,122', 21, '3', '04-10-2023', 'October', '2023', 'P,P,P,P,S,S', ' mesh tool and 3d extrude bavel ', 'cherry, flower heart, stick fire, create with mesh tool only . isometric buildings create with effect 3d option and  manual use  gride  option ', '3,3,3,3,3,3'),
(23, '58,65,82,84,86,91,92,52,114', 30, '4', '04-10-2023', 'October', '2023', 'P,P,P,P,P,P,A,S,S', 'Blockchain PSD', 'First row block chain PSD.', '1,1,1,1,0,0,0,3,3'),
(24, '37,40,45,46,137', 9, '4', '05-10-2023', 'October', '2023', 'P,P,P,P,S', 'Print Alphabets', 'Print Alphabets from A to Z through \'for\' loop.', '1,1,1,1,3'),
(25, '22,29,96,108,117', 8, '1', '05-10-2023', 'October', '2023', 'P,P,P,P,S', '', '', '3,3,3,3,3'),
(27, '23,26,27,75,95,97,98,99,101,113,136', 20, '4', '05-10-2023', 'October', '2023', 'A,P,A,A,A,P,P,P,P,P,S', 'Even Odd', 'Make one prompt that will pick a value from user if it positive or negative even then print \'your desired number is positive or negative even number\' otherwise \'positive or negative odd number\'.', '0,1,0,0,0,1,1,0,0,3,3'),
(28, '28,35,51,53,55', 5, '3', '05-10-2023', 'October', '2023', 'P,P,S,A,P', 'One page website ', '04 pages create and link with one css file  ', '3,3,3,3,3'),
(29, '37,40,45,46,137', 9, '4', '06-10-2023', 'October', '2023', 'P,P,P,P,S', 'Table Assignment', 'Make Two prompts, first will pick the desired table number and second will pick the limit of that particular table.', '1,1,1,1,3'),
(30, '57,102,118,129', 16, '9', '06-10-2023', 'October', '2023', 'P,P,S,S', '', '', '3,3,3,3'),
(31, '32,39,60,61,64,79,113', 18, '4', '06-10-2023', 'October', '2023', 'P,P,P,P,P,A,S', '', '', '3,3,3,3,3,3,3'),
(32, '34,44,50,72,100,122', 21, '3', '06-10-2023', 'October', '2023', 'P,P,P,A,P,S', '', '', '3,3,3,3,3,3'),
(33, '58,65,82,84,86,91,92,52,114', 30, '4', '06-10-2023', 'October', '2023', 'P,P,P,P,P,P,A,S,S', 'Blockchain PSD', 'Complete Whole PSD except row-3.', '1,0,0,0,0,1,1,3,3'),
(35, '22,29,96,108,117', 8, '1', '07-10-2023', 'October', '2023', 'P,P,P,A,S', 'Blogger Account Creation', 'Signup blogger  and add console or analytics in it', '1,0,0,0,3'),
(36, ',134', 25, '2', '07-10-2023', 'October', '2023', ',S', '', '', ',3'),
(37, ',134', 25, '2', '05-10-2023', 'October', '2023', ',S', '', '', ',3'),
(38, '25,30,33,21', 22, '2', '07-10-2023', 'October', '2023', 'A,P,S,S', '', '', '3,3,3,3'),
(39, '15,16,17,49', 3, '3', '07-10-2023', 'October', '2023', 'P,P,P,P', '', '', 'P,P,P,P'),
(41, '36,38,43,47,48,56,76,78,147,148', 28, '2', '07-10-2023', 'October', '2023', 'P,P,A,A,P,P,A,P,S,S', 'Color Theory & Basic Icons', 'Apko color theory parh kay ani ha &\r\nBasic Icons design krny han or jis ka pichla Assignment incomplete ha wo complete karke send kare\r\n\r\nAssignment ki last date 09-10-2023 ha', '1,0,0,0,1,1,0,1,3,3'),
(42, '42,89,93,41,119,128', 24, '3', '07-10-2023', 'October', '2023', 'P,P,P,S,S,S', '', '', '3,3,3,3,3,3'),
(43, '42,89,93,41,119,128', 24, '3', '06-10-2023', 'October', '2023', 'P,P,P,S,S,S', '', '', '3,3,3,3,3,3'),
(44, '42,89,93,41,119,128', 24, '3', '05-10-2023', 'October', '2023', 'P,P,P,S,S,S', '', '', '3,3,3,3,3,3'),
(45, '24,54,74,77,123', 4, '3', '07-10-2023', 'October', '2023', 'P,P,P,P,S', 'Landscape, visiting cards 5 set', 'landscape  use pen tool for all stu   ,  visiting cards 5 set only 4 stu ( hamza, umer, fahees, muaaz ) 4 from google same design and 1 your\'s  unique design ', '2,2,2,2,3'),
(46, '28,35,51,53,55', 5, '3', '07-10-2023', 'October', '2023', 'P,P,S,A,P', 'Slicing, one page website', 'kindly submit previews assigment 4 pages website and slicing new assgm', '1,0,0,1,0'),
(47, '23,26,27,75,95,97,98,99,101,113,136', 20, '4', '07-10-2023', 'October', '2023', 'A,P,A,A,A,P,P,P,P,A,S', 'Every Possible Condition', 'Make 3 variables and every possible condition for those variables through controlled structure.', '1,0,0,0,1,1,1,1,0,2,3'),
(49, '37,40,45,46,137', 9, '4', '09-10-2023', 'October', '2023', 'P,P,A,P,S', 'Even Odd By Function', 'Old Even Odd Assignment by Functions.', '1,1,1,1,3'),
(50, '57,102,118,129', 16, '9', '09-10-2023', 'October', '2023', 'P,P,S,S', '', '', '3,3,3,3'),
(51, '32,39,60,61,64,79,113', 18, '4', '09-10-2023', 'October', '2023', 'P,P,P,P,P,P,S', 'Array Assignment', 'Print this($a = [1,2,3,4,[\'a\'=>5,\'b\'=>6,\'c\'=>7,[8,9,0]]];) through loops.', '0,0,1,0,0,0,0'),
(52, '58,65,82,84,86,91,92,52,114', 30, '4', '09-10-2023', 'October', '2023', 'P,P,P,P,A,A,P,S,S', '', '', '3,3,3,3,3,3,3,3,3'),
(53, ',134', 25, '2', '10-10-2023', 'October', '2023', ',S', '', '', ',3'),
(54, '15,16,17,49', 3, '3', '10-10-2023', 'October', '2023', 'P,P,P,P', '', '', '3,3,3,3'),
(55, '42,89,93,41,119,128', 24, '3', '10-10-2023', 'October', '2023', 'P,P,P,S,S,S', '', '', '3,3,3,3,3,3'),
(56, '36,38,43,47,48,56,76,78,147,148', 28, '2', '10-10-2023', 'October', '2023', 'P,P,A,P,P,P,A,P,S,S', 'Basic Shapes Elements Design with Pathfinder', 'Apko assignment send kar diya hai Assignment laazmi complete hona chaey or jis ka pechla assignment complete nahi ha wo complete krly warna us student ki next class nahi ho gi', '1,1,0,0,1,1,0,1,3,3'),
(57, '25,30,33,21', 22, '2', '10-10-2023', 'October', '2023', 'A,P,S,S', '', '', '3,3,3,3'),
(58, '24,54,74,77,123', 4, '3', '10-10-2023', 'October', '2023', 'P,P,P,P,S', '', '', '3,3,3,3,3'),
(59, '23,26,27,75,95,97,98,99,101,113,136', 20, '4', '10-10-2023', 'October', '2023', 'P,P,A,A,A,P,P,P,P,P,S', '', '', '3,3,3,3,3,3,3,3,3,3,3'),
(60, '37,40,45,46,137', 9, '4', '11-10-2023', 'October', '2023', 'P,P,P,P,S', '', '', '3,3,3,3,3'),
(61, '57,102,118,129', 16, '9', '11-10-2023', 'October', '2023', 'P,P,S,S', '', '', '3,3,3,3'),
(62, '32,39,60,61,64,79,113', 18, '4', '11-10-2023', 'October', '2023', 'P,P,P,P,P,P,S', '', '', '3,3,3,3,3,3,3'),
(63, '62,63,66,67,68,69,70,71,73,83,87,94', 19, '7', '11-10-2023', 'October', '2023', 'P,P,P,L,P,P,P,A,P,P,A,A', '', '', '3,3,3,3,3,3,3,3,3,3,3,3'),
(64, '58,65,82,84,86,91,92,52,114', 30, '4', '11-10-2023', 'October', '2023', 'P,P,P,P,P,A,P,S,S', '', '', '3,3,3,3,3,3,3,3,3'),
(65, ',134', 25, '2', '12-10-2023', 'October', '2023', ',S', 'Documentry  Animation', 'Apka Adobe Premiere Pro Jahan tk complete hogay ha usko use krtywy Documentry Animation krni ha ye apka assignment ha', ',3'),
(66, '15,16,17,49', 3, '3', '12-10-2023', 'October', '2023', 'P,P,P,P', '', '', '3,3,3,3'),
(67, '42,89,93,41,119,128', 24, '3', '12-10-2023', 'October', '2023', 'P,P,P,S,S,S', '', '', '3,3,3,3,3,3'),
(68, '24,54,74,77,123', 4, '3', '12-10-2023', 'October', '2023', 'P,P,P,P,S', '', '', '3,3,3,3,3'),
(69, '25,30,33,21', 22, '2', '12-10-2023', 'October', '2023', 'A,P,S,S', 'Documentry  Animation', 'Apka Adobe Premiere Pro Jahan tk complete hogay ha\r\nusko use krtywy Documentry Animation krni ha', '0,0,3,3'),
(70, '36,38,43,47,48,56,76,78,147,148', 28, '2', '12-10-2023', 'October', '2023', 'P,P,A,A,P,P,A,P,S,S', 'Generic Logo Design', 'Generic Logos ky jo color or style ha wahi design hona chaey or sirf type tool use hoga usky ilawa type tool ky panel ki koi chez use nahi hogi\r\n', '1,1,0,0,0,1,0,1,3,3'),
(71, '23,26,27,75,95,97,98,99,101,113,136', 20, '4', '12-10-2023', 'October', '2023', 'A,P,A,A,A,P,P,P,P,A,S', 'Random', 'Win Loose Case by prompt and random function JavaScript.', '0,0,0,0,0,1,1,1,0,3,3'),
(73, '28,35,51,53,55', 5, '3', '12-10-2023', 'October', '2023', 'P,P,A,P,P', '', '', '3,3,3,3,3'),
(74, '37,40,45,46,137', 9, '4', '13-10-2023', 'October', '2023', 'A,P,P,P,S', 'Patterns', 'Make patterns as per given image.', '1,1,1,1,3'),
(76, '58,65,82,84,86,91,92,52,114', 30, '4', '13-10-2023', 'October', '2023', 'P,P,P,P,P,P,P,S,S', '', '', '3,3,3,3,3,3,3,3,3'),
(77, ',134', 25, '2', '14-10-2023', 'October', '2023', ',S', 'Commercial Ads Design', 'Ads Animate karna hai apko &\r\nAd thoda Creative/Unique ho', ',3'),
(78, '23,26,27,75,95,97,98,99,101,113,136', 20, '4', '14-10-2023', 'October', '2023', 'A,P,A,A,P,P,P,A,A,P,S', 'Table Assignment', 'Two Prompts. First will ask user\'s desired table number and second will ask the length of the desired table.', '0,1,0,0,0,1,1,0,0,2,3'),
(79, '25,30,33,21', 22, '2', '14-10-2023', 'October', '2023', 'A,P,S,S', '', '', '3,3,3,3'),
(80, '36,38,43,47,48,56,76,78,147,148', 28, '2', '14-10-2023', 'October', '2023', 'P,P,A,A,P,P,A,P,S,S', 'Text Tool & Character Panel', 'Text tool & Character panel padhke aana h\r\nor jis ka assignment reh gaya hai wo complete krlay', '0,0,0,0,0,1,0,1,3,3'),
(81, '37,40,45,46,137', 9, '4', '16-10-2023', 'October', '2023', 'P,A,A,A,S', 'Dynamic Loop', 'Make dynamic \'for\' loop according to the given values of an array.', '1,1,1,1,3'),
(82, '32,39,60,61,64,79,113', 18, '4', '16-10-2023', 'October', '2023', 'P,P,P,P,P,P,A', '', '', '3,3,3,3,3,3,3'),
(83, '57,102,118,129', 16, '9', '16-10-2023', 'October', '2023', 'P,P,P,S', 'Convert HTML to Wordpress', 'Create  Header.php , Footer.php ,  Functions.php and make navigation dynamic with the help of wordpress built in functions .', '3,3,3,3'),
(84, '62,63,66,67,68,69,70,71,73,83,87,94', 19, '7', '16-10-2023', 'October', '2023', 'S,P,P,P,A,P,P,P,P,P,P,P', '', '', '3,3,3,3,3,3,3,3,3,3,3,3'),
(85, '58,65,82,84,86,91,92,52,114', 30, '4', '16-10-2023', 'October', '2023', 'P,P,P,P,A,P,P,S,S', '', '', '3,3,3,3,3,3,3,3,3'),
(86, ',134', 25, '2', '17-10-2023', 'October', '2023', ',S', 'Masking Tansition', 'koi bhi Video Select krky uspy Mask apply krana hay\r\n& Attractive Video Create krni hay', ',3'),
(87, '25,30,33,21', 22, '2', '17-10-2023', 'October', '2023', 'A,A,S,S', '', '', '3,3,3,3'),
(88, '36,38,43,47,48,56,76,78,147,148', 28, '2', '17-10-2023', 'October', '2023', 'P,P,P,P,P,P,P,P,S,S', 'Logo Theorical Class', 'apko Logo, Color, Font & Design ky bary ma prkr ana ha', '1,1,1,1,1,1,1,1,3,3'),
(89, '90,116', 31, '4', '17-10-2023', 'October', '2023', 'A,P', '', '', '3,3'),
(90, '23,26,27,75,95,97,98,99,101,113,136', 20, '4', '17-10-2023', 'October', '2023', 'A,P,A,A,P,P,P,P,P,P,S', 'Even Odd By Function', 'Old Even Odd Assignment by using user-defined function.', '0,0,0,0,1,1,1,0,0,0,3'),
(91, '37,40,45,46,137', 9, '4', '18-10-2023', 'October', '2023', 'P,P,A,P,S', '2D Array', 'Print 2D index array through dynamic for loop.', '1,1,1,1,3'),
(92, '32,39,60,61,64,79,113', 18, '4', '18-10-2023', 'October', '2023', 'P,P,P,P,P,P,A', '', '', '3,3,3,3,3,3,3'),
(93, ',134', 25, '2', '19-10-2023', 'October', '2023', ',S', '', '', ',3'),
(94, '41,42,89,93,119,128', 24, '3', '19-10-2023', 'October', '2023', 'P,P,P,P,P,S', '', '', '3,3,3,3,3,3'),
(95, '24,54,74,77,123', 4, '3', '19-10-2023', 'October', '2023', 'P,P,P,P,S', '', '', '3,3,3,3,3'),
(96, '116', 31, '4', '19-10-2023', 'October', '2023', 'P', '', '', '3'),
(97, '23,26,27,95,97,98,99,101,113,136', 20, '4', '19-10-2023', 'October', '2023', 'A,A,A,A,P,P,P,P,P,P,S', 'Array Assignment', 'Print all Array Values through Dynamic \'for\' loop.', '0,0,0,1,1,1,0,0,1,3'),
(98, '37,40,45,46,137', 9, '4', '20-10-2023', 'October', '2023', 'P,P,P,P,S', '2D Array', 'Print 2D array along with keys.', '1,1,1,1,3'),
(99, '32,39,60,61,64,79', 18, '4', '20-10-2023', 'October', '2023', 'P,P,P,P,A,A', '', '', '3,3,3,3,3,3'),
(100, '57,102,118,129', 16, '9', '18-10-2023', 'October', '2023', 'P,P,P,S', '', '', '3,3,3,3'),
(101, '25,30,33,21', 22, '2', '19-10-2023', 'October', '2023', 'A,P,S,S', '', '', '3,3,3,3'),
(102, '36,38,43,47,48,56,76,78,147,148', 28, '2', '19-10-2023', 'October', '2023', 'P,P,P,P,P,P,P,P,S,S', '', '', '3,3,3,3,3,3,3,3,3,3'),
(103, '57,102,118,129', 16, '9', '20-10-2023', 'October', '2023', 'P,P,P,S', '', '', '3,3,3,3'),
(104, '58,65,82,84,86,91,92,52,114', 30, '4', '20-10-2023', 'October', '2023', 'P,P,P,P,P,A,P,S,S', 'Graphico PSD', 'Code first three rows.', '1,1,1,1,0,0,0,3,3'),
(105, ',134', 25, '2', '21-10-2023', 'October', '2023', ',S', 'Video Render', 'koi bhi Video Transition / Documentry Animate krni ha\r\nor Video Render krky send krni ha', ',3'),
(106, '25,30,33,21', 22, '2', '21-10-2023', 'October', '2023', 'A,P,S,S', '', '', '3,3,3,3'),
(107, '116', 31, '4', '21-10-2023', 'October', '2023', 'P', '', '', '3'),
(108, '23,26,27,95,97,98,99,101,113,136', 20, '4', '21-10-2023', 'October', '2023', 'A,P,A,A,P,P,P,A,P,P,S', 'Array Assignment', 'Print array([1,2,3,[4,5,6,[7,8]]]) through dynamic \'for\' loop.', '0,0,0,0,1,1,0,0,0,3'),
(109, '37,40,45,46,137', 9, '4', '23-10-2023', 'October', '2023', 'A,P,P,P,S', '', '', '3,3,3,3,3'),
(110, '32,39,60,61,64,79', 18, '4', '23-10-2023', 'October', '2023', 'P,P,P,P,P,P', '', '', '3,3,3,3,3,3'),
(111, '58,65,82,84,86,91,92,52,114', 30, '4', '23-10-2023', 'October', '2023', 'P,P,P,P,A,P,P,S,S', '', '', '3,3,3,3,3,3,3,3,3'),
(112, '41,42,89,93,119,128', 24, '3', '24-10-2023', 'October', '2023', 'P,A,P,A,P,S', '', '', '3,3,3,3,3,3'),
(113, '41,42,89,93,119,128', 24, '3', '22-10-2023', 'October', '2023', 'P,P,P,P,P,S', '', '', '3,3,3,3,3,3'),
(114, '41,42,89,93,119,128', 24, '3', '21-10-2023', 'October', '2023', 'P,P,P,P,P,S', '', '', '3,3,3,3,3,3'),
(115, '24,54,74,77,123', 4, '3', '24-10-2023', 'October', '2023', 'P,P,P,P,S', '', '', '3,3,3,3,3'),
(116, '23,26,27,75,95,97,98,99,101,113,136', 20, '4', '24-10-2023', 'October', '2023', 'A,A,A,A,P,P,P,A,A,P,S', '', '', '3,3,3,3,3,3,3,3,3,3,3'),
(117, '28,35,51,53,55', 5, '3', '24-10-2023', 'October', '2023', 'P,P,A,P,P', '', '', '3,3,3,3,3'),
(118, '103,104', 7, '3', '24-10-2023', 'October', '2023', 'P,P', '', '', '3,3'),
(119, '36,38,43,47,48,56,76,78,147,148', 28, '2', '21-10-2023', 'October', '2023', 'P,P,P,P,P,P,P,P,S,S', '', '', '3,3,3,3,3,3,3,3,3,3'),
(120, '36,38,43,47,48,56,76,78,147,148', 28, '2', '24-10-2023', 'October', '2023', 'P,P,P,P,A,P,P,P,S,S', '', '', '3,3,3,3,3,3,3,3,3,3'),
(121, ',134', 25, '2', '24-10-2023', 'October', '2023', ',S', '', '', ',3'),
(122, '25,30,33,21', 22, '2', '24-10-2023', 'October', '2023', 'A,P,S,S', '', '', '3,3,3,3'),
(123, '37,40,45,46,137', 9, '4', '25-10-2023', 'October', '2023', 'P,P,P,P,S', '', '', '3,3,3,3,3'),
(124, '121,124,125,126,130,132', 23, '3', '25-10-2023', 'October', '2023', 'P,S,S,S,S,S', 'Boxes', 'create a 2D and 3D boxes', '0,1,0,0,3,3'),
(125, '62,63,66,67,68,69,70,71,73,83,87,94', 19, '7', '23-10-2023', 'October', '2023', 'S,P,P,P,P,P,P,P,P,P,P,P', 'Solem PSD', '', '0,0,0,0,0,0,1,0,1,0,0,0'),
(126, '62,63,66,67,68,69,70,71,73,83,87,94', 19, '7', '25-10-2023', 'October', '2023', 'S,P,P,L,P,P,P,A,P,P,P,L', 'Last date complete Solam any how', 'last date complete Solam any how', '3,3,3,3,3,3,3,3,3,3,3,3'),
(127, '57,102,118,129', 16, '9', '25-10-2023', 'October', '2023', 'P,P,P,S', '', '', '3,3,3,3'),
(128, '58,65,82,84,86,91,92,52,114', 30, '4', '25-10-2023', 'October', '2023', 'P,P,P,P,P,P,P,S,S', 'Graphico PSD', 'Code Complete Graphico PSD.', '1,0,1,1,0,0,1,3,3'),
(129, '34,44,50,72,100,122', 21, '3', '25-10-2023', 'October', '2023', 'A,P,A,P,A,P', '', '', '3,3,3,3,3,3'),
(130, ',134', 25, '2', '26-10-2023', 'October', '2023', ',S', 'Information Video', '', ',3'),
(131, '25,30,33,21', 22, '2', '26-10-2023', 'October', '2023', 'A,A,S,S', '', '', '3,3,3,3'),
(132, '36,38,43,47,48,56,76,78,147,148', 28, '2', '26-10-2023', 'October', '2023', 'P,P,P,P,P,P,P,P,S,S', 'Typo Logo', 'Google sy Font Download karke apply karna\r\n& Assignment Complete kar lena lazmi', '1,1,1,1,1,1,0,1,3,3'),
(133, '41,42,89,93,119,128', 24, '3', '26-10-2023', 'October', '2023', 'P,P,P,P,P,S', '', '', '3,3,3,3,3,3'),
(134, '24,54,74,77,123', 4, '3', '26-10-2023', 'October', '2023', 'P,P,P,A,P', 'Initial logo and character logo ', 'initial logo and character logo  ', '0,0,0,1,0'),
(135, '23,26,27,95,97,98,99,101,113,136', 20, '4', '26-10-2023', 'October', '2023', 'A,P,A,P,P,P,P,A,P,S', '', '', '3,3,3,3,3,3,3,3,3,3'),
(136, '37,40,45,46,137', 9, '4', '27-10-2023', 'October', '2023', 'P,P,P,P,S', '3D Array', 'print array([1,2,3,[4,5,[6,7]]]) through dynamic \'for\' loop.', '1,1,1,1,3'),
(137, '32,39,60,61,64,79', 18, '4', '27-10-2023', 'October', '2023', 'P,P,P,A,P,A', '', '', '3,3,3,3,3,3'),
(138, '34,44,50,72,100,122', 21, '3', '27-10-2023', 'October', '2023', 'P,P,P,A,P,P', '', '', '3,3,3,3,3,3'),
(139, '58,65,82,84,86,91,92,52,114', 30, '4', '27-10-2023', 'October', '2023', 'P,P,P,P,P,A,P,S,S', 'Graphico along with Inner Pages', 'Code Graphico along with Inner Pages', '1,0,1,0,0,0,1,3,3'),
(140, ',134', 25, '2', '28-10-2023', 'October', '2023', ',S', 'Cinema Video', 'Crop & Color Correction ko use krty huy\r\nCinematic  Video Animate krni ha Koshish krna ky Resulation thori achi ho', ',3'),
(141, '25,30,33,21', 22, '2', '28-10-2023', 'October', '2023', 'A,P,S,S', '', '', '3,3,3,3'),
(142, '116', 31, '4', '28-10-2023', 'October', '2023', 'P', 'Woocommerce', 'Make 10 products of 2 categories.', '1'),
(143, '23,26,27,95,97,98,99,101,113,136', 20, '4', '28-10-2023', 'October', '2023', 'A,A,A,P,P,P,A,P,P,S', 'Array Assignment 3D', 'Print array([1,2,3,{\'a\':4,\'b\':5,\'c\':6,\'d\':[7,8]}]) through dynamic loops.', '0,0,0,0,1,1,0,0,0,3'),
(144, '28,35,51,53,55', 5, '3', '28-10-2023', 'October', '2023', 'P,P,A,P,P', '', '', '3,3,3,3,3'),
(145, '103,104', 7, '3', '28-10-2023', 'October', '2023', 'P,P', '', '', '3,3'),
(146, '37,40,45,46,137', 9, '4', '30-10-2023', 'October', '2023', 'P,A,A,A,S', 'Counter', 'Make counter as per given image and discussion.', '1,1,0,0,3'),
(147, '120,127,135,85', 33, '3', '30-10-2023', 'October', '2023', 'P,S,S,S', '', '', '3,3,3,3'),
(148, '121,124,125,126,130,132', 23, '3', '30-10-2023', 'October', '2023', 'P,A,A,P,S,S', 'Perspactive work', 'box, table, tissue box, almerah, fridge, laptop, and other assocceries ', '1,0,0,1,1,3'),
(149, '32,39,60,61,64,79', 18, '4', '30-10-2023', 'October', '2023', 'P,P,P,P,P,P', 'Counter', 'Make counter as per given image and discussion.', '1,1,1,1,1,1'),
(150, '34,44,50,72,100,122', 21, '3', '30-10-2023', 'October', '2023', 'P,P,P,P,A,P', 'Mid project and cuting ', 'lasso, poligonal lasso, and magnatic lasso tool work with 5 images ', '0,0,0,0,1,1'),
(151, '58,65,82,84,86,91,92,52,114', 30, '4', '30-10-2023', 'October', '2023', 'A,P,P,P,A,A,P,S,S', '', '', '3,3,3,3,3,3,3,3,3'),
(152, ',134', 25, '2', '31-10-2023', 'October', '2023', ',S', 'Black & White Video', 'Leave Color Effect lekr apko chi si Video Animate krni ha', ',3'),
(153, '15,16,17,49', 3, '3', '31-10-2023', 'October', '2023', 'P,P,P,P', '', '', '3,3,3,3'),
(154, '15,16,17,49', 3, '3', '28-10-2023', 'October', '2023', 'P,P,P,P', '', '', '3,3,3,3'),
(155, '15,16,17,49', 3, '3', '26-10-2023', 'October', '2023', 'P,P,P,P', '', '', '3,3,3,3'),
(156, '116', 31, '4', '31-10-2023', 'October', '2023', 'P', '', '', '3'),
(157, '23,26,27,95,97,98,99,101,113,136', 20, '4', '31-10-2023', 'October', '2023', 'A,A,A,P,P,P,P,P,A,S', '', '', '3,3,3,3,3,3,3,3,3,3'),
(158, '37,40,45,46,137', 9, '4', '01-11-2023', 'November', '2023', 'P,P,A,P,S', '', '', '3,3,3,3,3'),
(159, '120,127,135,85', 33, '3', '01-11-2023', 'November', '2023', 'P,P,S,S', '', '', '3,3,3,3'),
(160, '121,124,125,126,130,132', 23, '3', '01-11-2023', 'November', '2023', 'P,A,A,P,P,S', 'Djuice logo', 'djuice logo with all perspactive things thank you ', '1,0,0,0,0,3'),
(161, '32,39,60,61,64,79', 18, '4', '01-11-2023', 'November', '2023', 'P,P,P,P,P,P', '', '', '3,3,3,3,3,3'),
(162, '34,44,50,72,100,122', 21, '3', '01-11-2023', 'November', '2023', 'P,P,P,P,P,P', '', '', '3,3,3,3,3,3'),
(163, '58,65,82,84,86,91,92,52,114', 30, '4', '01-11-2023', 'November', '2023', 'P,P,P,P,A,P,P,S,S', 'Nutrition PSD', 'Make complete Nutrition PSD along with inner-pages.', '1,1,1,1,0,0,1,1,0'),
(164, '25,30,33,21', 22, '2', '02-11-2023', 'November', '2023', 'A,P,S,S', '', '', '3,3,3,3'),
(165, '25,30,33,21', 22, '2', '31-10-2023', 'October', '2023', 'A,A,S,S', '', '', '3,3,3,3'),
(166, ',134', 25, '2', '02-11-2023', 'November', '2023', ',S', '', '', ',3'),
(167, '36,38,43,47,48,56,76,78,147,148', 28, '2', '31-10-2023', 'October', '2023', 'P,P,A,A,P,P,A,P,S,S', '', '', '3,3,3,3,3,3,3,3,3,3'),
(168, '36,38,43,47,48,56,76,78,147,148', 28, '2', '02-11-2023', 'November', '2023', 'P,P,P,P,P,P,P,P,S,S', '', '', '3,3,3,3,3,3,3,3,3,3'),
(169, '41,42,89,93,119,128', 24, '3', '02-11-2023', 'November', '2023', 'P,P,P,P,P,P', 'Onpage website slice', 'slicing 4 pages website ', '0,1,1,0,1,0'),
(170, '24,54,74,77,123', 4, '3', '02-11-2023', 'November', '2023', 'P,P,P,P,A', 'Biscuit', 'biscuit box ', '0,1,0,0,0'),
(171, '116', 31, '4', '02-11-2023', 'November', '2023', 'P', '', '', '3'),
(172, '28,35,51,53,55', 5, '3', '02-11-2023', 'November', '2023', 'P,P,A,P,A', 'Solem PSD', 'solem complete krni hai\r\n ', '0,0,0,0,0'),
(173, '36,38,43,47,48,56,76,78,147,148', 28, '2', '28-10-2023', 'October', '2023', 'P,P,P,P,A,P,P,P,S,S', '', '', '3,3,3,3,3,3,3,3,3,3'),
(174, '23,26,27,95,97,98,99,101,113,136', 20, '4', '02-11-2023', 'November', '2023', 'A,P,A,A,P,P,A,A,A,S', '', '', '3,3,3,3,3,3,3,3,3,3'),
(175, '121,124,125,126,130,132', 23, '3', '03-11-2023', 'November', '2023', 'P,L,P,A,A,S', 'Perspactive logo ,  home things and basic icon', 'perspactive logo ,  home things like table , tissue box, fridge, chair, almirah, LED  , mobile,   and 20 basic icon', '1,0,0,0,0,3'),
(176, '36,38,43,47,48,56,76,78,147,148', 28, '2', '04-11-2023', 'November', '2023', 'P,P,P,P,P,P,P,P,S,S', 'Perspective Design', '', '0,0,0,0,1,1,0,0,3,3'),
(177, '116', 31, '4', '04-11-2023', 'November', '2023', 'P', '', '', '3'),
(178, '23,26,27,95,97,98,99,101,113,136', 20, '4', '04-11-2023', 'November', '2023', 'A,P,A,A,P,P,A,A,P,S', 'Patterns', 'Make all patterns through loop as per given image.', '0,1,0,0,1,1,0,0,0,3'),
(179, '37,40,45,46,137', 9, '4', '06-11-2023', 'November', '2023', 'P,A,A,A,S', 'Popup', 'Make a popup as per given image.', '1,0,0,0,3'),
(180, '120,127,135,85', 33, '3', '06-11-2023', 'November', '2023', 'P,P,S,S', '', '', '3,3,3,3'),
(181, '121,124,125,126,130,132', 23, '3', '06-11-2023', 'November', '2023', 'P,P,P,A,P,S', '50 basic icons and perspactive', '30 basic icons use pathfinder  and perspactive things with djiuce logo  ', '1,1,0,0,1,1'),
(182, '32,39,60,61,64,79', 18, '4', '06-11-2023', 'November', '2023', 'P,P,P,P,A,P', 'Preloader and mode change', 'Make preloader and mode change option on an old PSD code.', '1,1,1,1,1,1'),
(183, '34,44,50,72,100,122', 21, '3', '06-11-2023', 'November', '2023', 'A,P,A,P,P,P', 'Mid project cutting  apply HSB', '10 pictures will be apply HSB with cutting ', '3,3,3,3,3,3'),
(184, '58,65,82,84,86,91,92,52,114', 30, '4', '06-11-2023', 'November', '2023', 'P,P,P,P,A,A,P,S,S', '', '', '3,3,3,3,3,3,3,3,3'),
(185, '15,16,17,49', 3, '3', '07-11-2023', 'November', '2023', 'P,P,P,P', '', '', '3,3,3,3'),
(186, ',134', 25, '2', '07-11-2023', 'November', '2023', ',S', '', '', ',3'),
(187, '41,42,89,93,119,128', 24, '3', '07-11-2023', 'November', '2023', 'P,P,P,P,P,P', 'One page website ', 'hearder part complete ', '0,0,0,0,1,0'),
(188, '36,38,43,47,48,56,76,78,147,148', 28, '2', '07-11-2023', 'November', '2023', 'P,P,P,P,P,P,P,P,S,S', 'Watch Design', '', '0,0,1,1,1,1,1,1,3,3'),
(189, '116', 31, '4', '07-11-2023', 'November', '2023', 'P', '', '', '3'),
(190, '23,26,27,95,97,98,99,101,113,136', 20, '4', '07-11-2023', 'November', '2023', 'A,P,A,A,P,P,A,A,A,S', '', '', '3,3,3,3,3,3,3,3,3,3'),
(191, '37,40,45,46,137', 9, '4', '08-11-2023', 'November', '2023', 'P,P,P,P,S', 'Digital Clock', 'Make Digital Clock by \'Date\'  and \'setInterval\'.', '1,0,0,0,3'),
(192, '32,39,60,61,64,79', 18, '4', '08-11-2023', 'November', '2023', 'P,P,P,P,A,P', '', '', '3,3,3,3,3,3'),
(193, '58,65,82,84,86,91,92,52,114', 30, '4', '08-11-2023', 'November', '2023', 'A,P,P,P,A,A,P,S,S', '', '', '3,3,3,3,3,3,3,3,3'),
(194, '15,16,17,49', 3, '3', '09-11-2023', 'November', '2023', 'P,P,P,L', 'Solem', 'solem navigation ', '1,1,1,1'),
(195, '41,42,89,93,119,128', 24, '3', '09-11-2023', 'November', '2023', 'P,A,P,A,A,P', '', '', '3,3,3,3,3,3'),
(196, '24,54,74,77,123', 4, '3', '09-11-2023', 'November', '2023', 'P,P,A,P,A', 'Bicuit box ', 'bicuit box  apply on 3d box first ad simbol', '1,1,0,1,0'),
(197, '116', 31, '4', '09-11-2023', 'November', '2023', 'P', '', '', '3'),
(198, '28,35,51,53,55', 5, '3', '09-11-2023', 'November', '2023', 'P,P,P,P,P', 'Solem PSD', 'solem footer ', '3,3,3,3,3'),
(199, '26,95,97,98,99,101,113,136', 20, '4', '09-11-2023', 'November', '2023', 'A,P,A,A,P,P,A,P,P,S', 'Popup', 'Make popup as per given image.', '0,0,1,1,0,0,1,2'),
(200, '37,40,45,46,137', 9, '4', '10-11-2023', 'November', '2023', 'P,P,A,P,S', '', '', '3,3,3,3,3'),
(201, '120,127,135,85', 33, '3', '10-11-2023', 'November', '2023', 'P,P,S,S', 'Slice', 'landing page slicing ', '1,1,1,3'),
(202, '121,124,125,126,130,132', 23, '3', '10-11-2023', 'November', '2023', 'P,P,A,P,P,P', 'Social icons', 'social icons and old assigments ', '1,0,0,0,1,1'),
(203, '36,38,43,47,48,56,76,78,147,148', 28, '2', '09-11-2023', 'November', '2023', 'A,A,P,P,P,P,P,P,S,S', 'Visiting Card, Letterhead, Envelop Design', '', '3,3,3,3,3,3,3,3,3,3'),
(204, '32,39,60,61,64,79', 18, '4', '10-11-2023', 'November', '2023', 'A,P,P,P,A,A', '', '', '3,3,3,3,3,3'),
(205, '58,65,82,84,86,91,92,52,114', 30, '4', '10-11-2023', 'November', '2023', 'A,P,P,P,A,A,P,S,S', 'Design PSD', 'Code Complete Design PSD.', '1,1,1,1,0,0,1,1,0'),
(206, '21,25,30,33', 22, '2', '07-11-2023', 'November', '2023', 'A,A,P,P', '', '', '3,3,3,3'),
(207, '21,25,30,33', 22, '2', '09-11-2023', 'November', '2023', 'A,A,P,P', '', '', '3,3,3,3'),
(208, '21,25,30,33', 22, '2', '11-11-2023', 'November', '2023', 'A,A,P,P', '', '', '3,3,3,3'),
(209, '36,38,43,47,48,56,76,78,147,148', 28, '2', '11-11-2023', 'November', '2023', 'A,A,A,A,P,A,A,A,S,S', '', '', '3,3,3,3,3,3,3,3,3,3'),
(210, '15,16,17,49', 3, '3', '11-11-2023', 'November', '2023', 'P,P,P,P', 'Solem PSD', 'complete the section area ', '3,3,3,3'),
(211, '116', 31, '4', '11-11-2023', 'November', '2023', 'P', '', '', '3'),
(212, '24,54,74,77,123', 4, '3', '11-11-2023', 'November', '2023', 'P,P,A,P,A', '3d product ', '3d product with revolve', '0,0,0,1,0'),
(213, '41,42,89,93,119,128', 24, '3', '11-11-2023', 'November', '2023', 'P,P,P,P,P,P', '', '', '3,3,3,3,3,3'),
(214, '23,26,27,95,97,98,99,101,113,136', 20, '4', '11-11-2023', 'November', '2023', 'A,A,A,A,P,P,A,A,P,S', '', '', '3,3,3,3,3,3,3,3,3,3'),
(215, '37,40,45,46,137', 9, '4', '13-11-2023', 'November', '2023', 'P,P,P,P,S', '', '', '3,3,3,3,3'),
(216, '120,127,135,85', 33, '3', '13-11-2023', 'November', '2023', 'P,P,P,S', '', '', '3,3,3,3'),
(217, '121,124,125,126,130,132', 23, '3', '13-11-2023', 'November', '2023', 'P,P,A,P,P,P', 'Basic icon , logo element ', '10 logo elements and 30 basic icons and 15 social icons ', '1,1,0,0,0,1'),
(218, '32,39,60,61,64,79', 18, '4', '13-11-2023', 'November', '2023', 'A,A,P,P,P,P', '', '', '3,3,3,3,3,3'),
(219, '57,102,118,129', 16, '9', '13-11-2023', 'November', '2023', 'P,P,P,P', '', '', '3,3,3,3'),
(220, '57,102,118,129', 16, '9', '10-11-2023', 'November', '2023', 'P,P,P,P', '', '', '3,3,3,3'),
(221, '57,102,118,129', 16, '9', '08-11-2023', 'November', '2023', 'A,A,A,A', '', '', '3,3,3,3'),
(222, '41,42,89,93,119,128', 24, '3', '14-11-2023', 'November', '2023', 'P,P,P,A,P,P', 'One page website ', 'footer ', '1,0,1,0,1,0'),
(223, '116', 31, '4', '14-11-2023', 'November', '2023', 'P', '', '', '3'),
(224, '24,54,74,77,123', 4, '3', '14-11-2023', 'November', '2023', 'P,P,P,P,P', '', '', '3,3,3,3,3'),
(225, '23,26,95,97,98,99,101,113,136', 20, '4', '14-11-2023', 'November', '2023', 'A,P,A,A,P,P,A,P,P,S', 'Digital Clock', 'Digital Clock by javascript.', '0,0,0,1,1,0,0,0,0'),
(226, '37,40,45,46,137', 9, '4', '15-11-2023', 'November', '2023', 'P,A,A,A,S', '', '', '3,3,3,3,3'),
(227, '52,58,65,82,84,92,114', 30, '4', '14-11-2023', 'November', '2023', 'P,P,P,P,P,A,A,P,S', 'Marksheet', 'Make a Marksheet by using Table Tag.', '1,1,1,1,1,1,0'),
(228, '120,127,135,85', 33, '3', '15-11-2023', 'November', '2023', 'P,P,P,S', 'Slicing and landing page', 'do slicing and landing page code with ( table tr td  )', '3,3,3,3'),
(229, '121,124,125,126,130,132', 23, '3', '15-11-2023', 'November', '2023', 'P,P,P,A,A,P', 'GENERIC LOGO', 'GENERIC LOGO ', '0,0,0,1,0,1'),
(230, '32,39,60,61,64,79', 18, '4', '15-11-2023', 'November', '2023', 'P,P,P,P,P,A', 'Data Entry', 'Make a data entry page through javascript as per discussed.', '1,1,1,1,1,1'),
(231, '57,102,118,129', 16, '9', '15-11-2023', 'November', '2023', 'P,P,P,P', '', '', '3,3,3,3'),
(232, '52,58,65,82,84,86,91,92,114', 30, '4', '15-11-2023', 'November', '2023', 'P,A,P,P,P,A,A,P,A', '', '', '3,3,3,3,3,3,3,3,3'),
(233, '25,30,33', 22, '2', '14-11-2023', 'November', '2023', 'A,P,P', '', '', '3,3,3'),
(234, '36,38,43,47,48,56,76,78,147,148', 28, '2', '14-11-2023', 'November', '2023', 'P,P,A,A,P,P,A,P,S,S', '', '', '3,3,3,3,3,3,3,3,3,3'),
(235, '36,38,43,47,48,56,76,78,147,148', 28, '2', '16-11-2023', 'November', '2023', 'P,P,P,P,P,A,P,A,S,S', '', '', '3,3,3,3,3,3,3,3,3,3'),
(236, '41,42,89,93,119,128', 24, '3', '16-11-2023', 'November', '2023', 'P,A,P,A,P,A', '', '', '3,3,3,3,3,3'),
(237, '23,26,27,95,97,98,99,101,113,136', 20, '4', '16-11-2023', 'November', '2023', 'A,P,A,A,P,P,A,P,P,P', '', '', '3,3,3,3,3,3,3,3,3,3'),
(238, '37,40,45,46,137', 9, '4', '17-11-2023', 'November', '2023', 'P,A,A,A,S', '', '', '3,3,3,3,3'),
(239, '121,124,125,126,130,132', 23, '3', '17-11-2023', 'November', '2023', 'P,P,P,P,P,P', '', '', '1,1,1,0,1,0'),
(240, '32,39,60,61,64,79', 18, '4', '17-11-2023', 'November', '2023', 'P,P,P,P,P,A', '', '', '3,3,3,3,3,3'),
(241, '57,102,118,129', 16, '9', '17-11-2023', 'November', '2023', 'A,P,P,P', '', '', '3,3,3,3'),
(242, '52,58,65,82,84,86,91,92,114', 30, '4', '17-11-2023', 'November', '2023', 'P,P,P,P,P,A,A,A,P', 'Email Template', 'Email Template by Table tag.', '1,1,1,1,1,0,0,1,0'),
(243, '30,33', 22, '2', '18-11-2023', 'November', '2023', 'P,A', '', '', '3,3'),
(244, '30,33', 22, '2', '16-11-2023', 'November', '2023', 'A,P', '', '', '3,3'),
(245, '36,38,43,47,48,56,76,78,147,148', 28, '2', '18-11-2023', 'November', '2023', 'P,P,P,P,P,P,P,P,S,S', '', '', '3,3,3,3,3,3,3,3,3,3'),
(246, '41,42,89,93,119,128', 24, '3', '18-11-2023', 'November', '2023', 'P,P,P,A,P,P', 'One page website ', 'service and index side bar navigation', '3,3,3,3,3,3'),
(247, '23,26,95,97,98,99,101,113,136', 20, '4', '18-11-2023', 'November', '2023', 'A,P,A,P,P,A,A,P,A', '', '', '3,3,3,3,3,3,3,3,3'),
(248, '37,40,45,46,137', 9, '4', '20-11-2023', 'November', '2023', 'P,A,A,A,S', 'Nutrition PSD', 'Nutrition PSD through visual composer wordpress.', '1,0'),
(249, '121,124,125,126,130,132', 23, '3', '20-11-2023', 'November', '2023', 'P,P,P,A,P,P', '', '', '3,3,3,3,3,3'),
(250, '32,39,60,61,64,79', 18, '4', '20-11-2023', 'November', '2023', 'P,P,P,P,P,P', 'Image Change', 'On click image change through javascript.', '1,1,1,1,1,1'),
(251, '52,58,65,82,84,86,91,92,114', 30, '4', '20-11-2023', 'November', '2023', 'P,P,P,P,P,A,A,P,A', '', '', '3,3,3,3,3,3,3,3,3'),
(252, '30,33', 22, '2', '21-11-2023', 'November', '2023', 'A,P', '', '', '3,3'),
(253, '36,38,43,47,48,56,76,78,147,148', 28, '2', '21-11-2023', 'November', '2023', 'A,P,P,P,P,A,P,P,S,S', '', '', '3,3,3,3,3,3,3,3,3,3'),
(254, '116', 31, '4', '21-11-2023', 'November', '2023', 'P', '', '', '3'),
(255, '116', 31, '4', '18-11-2023', 'November', '2023', 'A', '', '', '3'),
(256, '23,26,95,97,98,99,101,113,136', 20, '4', '21-11-2023', 'November', '2023', 'A,P,A,P,P,A,P,P,P', '', '', '3,3,3,3,3,3,3,3,3'),
(257, '37,40,45,46,137', 9, '4', '22-11-2023', 'November', '2023', 'P,A,A,A,S', '', '', '3,3,3,3,3'),
(258, '41,42,89,93,119,128', 24, '4', '22-11-2023', 'November', '2023', 'P,P,P,A,P,A', '', '', '3,3,3,3,3,3'),
(259, '32,39,60,61,64,79', 18, '4', '22-11-2023', 'November', '2023', 'P,P,P,P,P,P', '', '', '3,3,3,3,3,3'),
(260, '57,102,118,129', 16, '9', '22-11-2023', 'November', '2023', 'A,P,P,P', '', '', '3,3,3,3'),
(261, '52,58,65,82,84,86,91,92,114', 30, '4', '22-11-2023', 'November', '2023', 'P,P,P,P,P,A,A,P,A', '', '', '3,3,3,3,3,3,3,3,3'),
(262, '30,33', 22, '2', '23-11-2023', 'November', '2023', 'A,A', '', '', '3,3'),
(263, '36,43,47,48,56,76,78,147,148', 28, '2', '23-11-2023', 'November', '2023', 'A,A,P,P,A,P,P,S,S', '', '', '3,3,3,3,3,3,3,3,3'),
(264, '116', 31, '4', '23-11-2023', 'November', '2023', 'P', '', '', '3'),
(265, '26,95,97,98,99,101,113,136', 20, '4', '23-11-2023', 'November', '2023', 'P,A,P,P,A,P,P,P', 'Slider', 'Slider through HTML/CSS/Javascript.', '0,0,1,1,0,0,1,0'),
(266, '37,137', 9, '4', '24-11-2023', 'November', '2023', 'P,A', '', '', '3,3'),
(267, '120,127,135,85', 33, '4', '24-11-2023', 'November', '2023', 'P,P,P,S', '', '', '3,3,3,3'),
(268, '41,42,89,93,119,128', 24, '4', '24-11-2023', 'November', '2023', 'P,A,P,A,P,A', '', '', '3,3,3,3,3,3'),
(269, '32,39,60,61,64,79', 18, '4', '24-11-2023', 'November', '2023', 'P,P,P,P,P,A', 'Boxes through PHP loop', 'Print Boxes through PHP loop.', '1,1,1,1,1,1'),
(270, '52,58,65,82,84,86,91,92,114', 30, '4', '24-11-2023', 'November', '2023', 'P,P,P,P,A,A,A,P,A', '', '', '3,3,3,3,3,3,3,3,3'),
(271, '30,33', 22, '2', '25-11-2023', 'November', '2023', 'P,P', '', '', '3,3'),
(272, '36,43,47,48,56,76,78,147,148', 28, '2', '25-11-2023', 'November', '2023', 'P,P,P,P,A,P,P,S,S', '', '', '3,3,3,3,3,3,3,3,3'),
(273, '26,95,97,98,99,101,113,136', 20, '4', '25-11-2023', 'November', '2023', 'A,A,P,P,A,P,A,A', '', '', '3,3,3,3,3,3,3,3'),
(274, '37,137', 9, '4', '27-11-2023', 'November', '2023', 'P,P', '', '', '3,3'),
(275, '120,127,135,85', 33, '4', '27-11-2023', 'November', '2023', 'P,P,P,S', '', '', '3,3,3,3'),
(276, '41,42,89,119,128', 24, '4', '27-11-2023', 'November', '2023', 'A,P,P,A,P,P', 'Nutrition PSD', 'Code Complete Nutrition PSD.', '1,0,1,1,0'),
(277, '32,39,60,61,64,79', 18, '4', '27-11-2023', 'November', '2023', 'P,P,P,P,P,P', '', '', '3,3,3,3,3,3'),
(278, '57,102,118,129', 16, '9', '27-11-2023', 'November', '2023', 'A,P,P,P', '', '', '3,3,3,3'),
(279, '52,58,65,82,84,92,114', 30, '4', '27-11-2023', 'November', '2023', 'A,P,P,P,P,A,A,P,A', 'Final PSD', 'Code Complete Final PSD.', '0,1,1,1,0,1,0'),
(280, '36,43,47,48,56,76,78,147,148', 28, '2', '28-11-2023', 'November', '2023', 'A,A,P,P,A,P,P,S,S', '', '', '3,3,3,3,3,3,3,3,3'),
(281, '30,33', 22, '2', '28-11-2023', 'November', '2023', 'A,A', '', '', '3,3'),
(282, '26,95,97,98,99,101,113,136', 20, '4', '28-11-2023', 'November', '2023', 'P,A,P,P,A,A,P,P', '', '', '3,3,3,3,3,3,3,3'),
(283, '37,137', 9, '4', '29-11-2023', 'November', '2023', 'P,P', 'Track Truck', 'Complete Track Truck PSD through Elementor.', '1,1'),
(284, '120,127,135,85', 33, '4', '29-11-2023', 'November', '2023', 'P,A,P,S', 'Block Chain PSD', 'Code Complete Block Chain PSD.', '1,0,1,3'),
(285, '41,42,89,119,128', 24, '4', '29-11-2023', 'November', '2023', 'P,P,P,P,A', '', '', '3,3,3,3,3'),
(286, '32,39,60,61,64,79', 18, '4', '29-11-2023', 'November', '2023', 'P,A,P,P,P,P', '', '', '3,3,3,3,3,3'),
(287, '52,58,65,82,84,92,114', 30, '4', '29-11-2023', 'November', '2023', 'P,P,P,P,P,P,A', '', '', '3,3,3,3,3,3,3'),
(288, '30,33', 22, '2', '30-11-2023', 'November', '2023', 'P,P', '', '', '3,3'),
(289, '36,43,47,48,56,76,78,147,148', 28, '2', '30-11-2023', 'November', '2023', 'P,P,P,A,A,P,A,S,S', '', '', '3,3,3,3,3,3,3,3,3'),
(290, '116', 31, '4', '28-11-2023', 'November', '2023', 'A', '', '', '3'),
(291, '116', 31, '4', '30-11-2023', 'November', '2023', 'P', '', '', '3'),
(292, '26,95,97,98,99,101,113,136', 20, '4', '30-11-2023', 'November', '2023', 'P,A,P,P,A,A,P,P', 'Grading System', 'Make Grading System by PHP Controlled Structure.', '0,0,1,1,0,0,0,0'),
(293, '37,137', 9, '4', '01-12-2023', 'December', '2023', 'P,A', '', '', '3,3'),
(294, '41,42,89,119,128', 24, '4', '01-12-2023', 'December', '2023', 'P,P,P,P,P', '', '', '3,3,3,3,3'),
(295, '120,127,135,85', 33, '4', '01-12-2023', 'December', '2023', 'P,P,P,S', '', '', '3,3,3,3'),
(296, '32,39,60,61,64,79', 18, '4', '01-12-2023', 'December', '2023', 'P,P,P,A,P,A', 'Dynamic Registration Form', 'Make Dynamic Registration Form through PHP.', '1,0,1,1,1,0'),
(297, '57,102,118,129', 16, '9', '01-12-2023', 'December', '2023', 'A,P,P,A', '', 'Create services meta box with the help of CPT', '3,3,3,3'),
(298, '52,58,65,82,84,92,114', 30, '4', '01-12-2023', 'December', '2023', 'P,P,P,P,P,A,A', '', '', '3,3,3,3,3,3,3'),
(299, '30,33', 22, '2', '02-12-2023', 'December', '2023', 'A,P', '', '', '3,3'),
(300, '116', 31, '4', '02-12-2023', 'December', '2023', 'P', '', '', '3'),
(301, '36,43,47,48,56,76,78,147,148', 28, '2', '02-12-2023', 'December', '2023', 'A,P,P,P,A,P,A,S,S', '', '', '3,3,3,3,3,3,3,3,3'),
(302, '26,95,97,98,99,101,113,136', 20, '4', '02-12-2023', 'December', '2023', 'P,A,P,P,A,P,A,P', '', '', '3,3,3,3,3,3,3,3'),
(303, '37,137', 9, '4', '04-12-2023', 'December', '2023', 'P,P', '', '', '3,3'),
(304, '120,127,135,85', 33, '4', '04-12-2023', 'December', '2023', 'P,P,P,S', '', '', '3,3,3,3'),
(305, '41,42,89,119,128', 24, '4', '04-12-2023', 'December', '2023', 'P,A,P,P,P', 'Design PSD', 'Code Complete Design PSD.', '1,0,1,1,0'),
(306, '32,39,60,61,64,79', 18, '4', '04-12-2023', 'December', '2023', 'P,P,P,P,P,P', '', '', '3,3,3,3,3,3'),
(307, '57,102,118,129', 16, '9', '04-12-2023', 'December', '2023', 'A,P,P,P', '', '', '3,3,3,3'),
(308, '52,58,65,82,84,92,114', 30, '4', '04-12-2023', 'December', '2023', 'P,A,A,P,P,P,A', '', '', '3,3,3,3,3,3,3'),
(309, '36,43,47,48,56,76,78,147,148', 28, '2', '05-12-2023', 'December', '2023', 'A,P,P,P,A,P,P,S,S', '', '', '3,3,3,3,3,3,3,3,3'),
(310, '30,33', 22, '2', '05-12-2023', 'December', '2023', 'P,P', '', '', '3,3'),
(311, '26,95,97,98,99,101,113,136', 20, '4', '05-12-2023', 'December', '2023', 'P,A,P,P,A,A,P,A', '', '', '3,3,3,3,3,3,3,3'),
(312, '37,137', 9, '4', '06-12-2023', 'December', '2023', 'A,P', '', '', '3,3'),
(313, '120,127,135,85', 33, '4', '06-12-2023', 'December', '2023', 'P,P,P,S', '', '', '3,3,3,3'),
(314, '41,42,89,119,128', 24, '4', '06-12-2023', 'December', '2023', 'P,A,P,P,A', '', '', '3,3,3,3,3'),
(315, '32,39,60,61,64,79', 18, '4', '06-12-2023', 'December', '2023', 'P,P,P,P,P,P', '', '', '3,3,3,3,3,3'),
(316, '57,102,118,129', 16, '9', '06-12-2023', 'December', '2023', 'A,P,P,P', '', '', '3,3,3,3'),
(317, '52,58,65,82,84,92,114', 30, '4', '06-12-2023', 'December', '2023', 'P,P,P,P,P,P,A', '', '', '3,3,3,3,3,3,3'),
(318, '7,8,12,31,81', 10, '', '07-12-2023', 'December', '2023', 'A,A,A,A,A', '', '', '3,3,3,3,3'),
(319, '30,33', 22, '2', '07-12-2023', 'December', '2023', 'A,A', '', '', '3,3'),
(320, '143,144,145,146', 35, '4', '07-12-2023', 'December', '2023', 'P,P,P,P', '', '', '3,3,3,3'),
(321, '36,43,47,48,56,76,78,147,148', 28, '2', '07-12-2023', 'December', '2023', 'A,A,P,P,A,P,P,S,S', '', '', '3,3,3,3,3,3,3,3,3'),
(322, '26,95,97,98,99,101,113,136', 20, '4', '07-12-2023', 'December', '2023', 'P,A,P,P,A,P,A,P', '', '', '3,3,3,3,3,3,3,3'),
(323, '120,127,135,85', 33, '4', '08-12-2023', 'December', '2023', 'P,A,P,S', '', '', '3,3,3,3'),
(324, '32,39,60,61,64,79', 18, '4', '08-12-2023', 'December', '2023', 'P,P,P,P,P,A', '', '', '3,3,3,3,3,3'),
(325, '52,58,65,82,84,92,114', 30, '4', '08-12-2023', 'December', '2023', 'A,P,P,P,P,P,A', '', '', '3,3,3,3,3,3,3'),
(326, '30,33', 22, '2', '09-12-2023', 'December', '2023', 'A,P', '', '', '3,3'),
(327, '143,144,145,146', 35, '4', '09-12-2023', 'December', '2023', 'P,P,P,P', '', '', '3,3,3,3'),
(328, '26,95,97,98,99,101,113,136', 20, '4', '09-12-2023', 'December', '2023', 'A,A,P,P,A,P,P,P', 'Nested Array through PHP Loop', 'Code Nested Array through PHP Loop.', '0,0,1,1,0,0,0,0'),
(329, '37,137', 9, '4', '11-12-2023', 'December', '2023', 'P,P', 'Contact Form', 'WP Contact Form.', '1,1'),
(330, '41,42,89,119,128', 24, '4', '11-12-2023', 'December', '2023', 'P,A,P,P,P', '', '', '3,3,3,3,3'),
(331, '120,127,135,85', 33, '4', '11-12-2023', 'December', '2023', 'P,P,P,S', '', '', '3,3,3,3'),
(332, '32,39,60,61,64,79', 18, '4', '11-12-2023', 'December', '2023', 'P,A,P,P,P,P', 'Fetch, Update, and Restriction', 'Fetch, Update, and Restriction through PHP.', '1,0,1,1,1,0'),
(333, '57,102,118,129', 16, '9', '11-12-2023', 'December', '2023', 'A,A,P,P', '', '', '3,3,3,3'),
(334, '52,58,65,82,84,92,114', 30, '4', '11-12-2023', 'December', '2023', 'P,P,P,P,A,P,A', 'Bazar PSD ', 'Code Complete Bazar PSD.', '0,1,1,1,0,1,0'),
(335, '30,33', 22, '2', '12-12-2023', 'December', '2023', 'P,P', '', '', '3,3'),
(336, '36,43,47,48,56,76,78,147,148', 28, '2', '12-12-2023', 'December', '2023', 'A,P,P,P,P,P,P,S,S', '', '', '3,3,3,3,3,3,3,3,3'),
(337, '143,144,145,146', 35, '4', '12-12-2023', 'December', '2023', 'P,P,P,P', 'Box Layout', 'Code complete Box Layout.', '1,1,1,1'),
(338, '26,95,97,98,99,101,113,136', 20, '4', '12-12-2023', 'December', '2023', 'P,A,A,A,A,A,A,A', '', '', '3,3,3,3,3,3,3,3'),
(339, '37,137', 9, '4', '13-12-2023', 'December', '2023', 'P,P', '', '', '3,3'),
(340, '120,127,135,85', 33, '4', '13-12-2023', 'December', '2023', 'P,P,P,S', 'Nutrition PSD', 'Code complete Nutrition PSD.', '1,1,1,3'),
(341, '41,42,89,119,128', 24, '4', '13-12-2023', 'December', '2023', 'P,A,P,P,P', '', '', '3,3,3,3,3'),
(342, '32,39,60,61,64,79', 18, '4', '13-12-2023', 'December', '2023', 'P,P,P,P,P,P', '', '', '3,3,3,3,3,3'),
(343, '57,102,118,129', 16, '9', '13-12-2023', 'December', '2023', 'A,P,P,P', 'Solve the Theme Options', 'Solve the Theme Options multiple label calling.', '3,3,3,3'),
(344, '52,58,65,82,84,92,114', 30, '4', '13-12-2023', 'December', '2023', 'A,P,P,P,P,P,A', 'E-Connect PSD', 'Code complete E-Connect PSD.', '0,1,1,1,0,1,0'),
(345, '30,33', 22, '2', '14-12-2023', 'December', '2023', 'P,P', '', '', '3,3'),
(346, '36,43,47,48,56,76,78,147,148', 28, '2', '14-12-2023', 'December', '2023', 'A,P,P,A,P,P,P,P,P', '', '', '3,3,3,3,3,3,3,3,3'),
(347, '143,144,145,146', 35, '4', '14-12-2023', 'December', '2023', 'P,P,P,P', '', '', '3,3,3,3'),
(348, '26,95,97,98,99,101,113,136', 20, '4', '14-12-2023', 'December', '2023', 'P,A,P,P,A,P,A,P', '', '', '3,3,3,3,3,3,3,3'),
(349, '37,137', 9, '4', '15-12-2023', 'December', '2023', 'P,A', '', '', '3,3'),
(350, '120,127,135,85', 33, '4', '15-12-2023', 'December', '2023', 'P,P,P,S', '', '', '3,3,3,3'),
(351, '41,42,89,119,128', 24, '4', '15-12-2023', 'December', '2023', 'P,A,P,P,P', '', '', '3,3,3,3,3'),
(352, '32,39,60,61,64,79', 18, '4', '15-12-2023', 'December', '2023', 'P,P,P,P,P,P', '', '', '3,3,3,3,3,3'),
(353, '57,102,118,129', 16, '9', '15-12-2023', 'December', '2023', 'A,P,P,P', '', '', '3,3,3,3'),
(354, '52,58,65,82,84,92,114', 30, '4', '15-12-2023', 'December', '2023', 'A,P,P,P,A,P,A', '', '', '3,3,3,3,3,3,3'),
(355, '30,33', 22, '2', '16-12-2023', 'December', '2023', 'P,P', '', '', '3,3'),
(356, '143,144,145,146', 35, '4', '16-12-2023', 'December', '2023', 'P,P,P,P', 'Slicing', 'SEO SITE PSD Slicing.', '1,1,1,1'),
(357, '36,43,47,48,56,76,78,147,148', 28, '2', '16-12-2023', 'December', '2023', 'A,A,P,P,P,P,P,P,P', '', '', '3,3,3,3,3,3,3,3,3'),
(358, '37,137', 9, '4', '18-12-2023', 'December', '2023', 'A,P', '', '', '3,3'),
(359, '120,127,135,85', 33, '4', '18-12-2023', 'December', '2023', 'P,P,P,S', '', '', '3,3,3,3'),
(360, '41,42,89,119,128', 24, '4', '18-12-2023', 'December', '2023', 'A,A,P,P,P', 'Final PSD', 'Code Complete Final PSD.', '0,0,1,1,0'),
(361, '57,102,118,129', 16, '9', '18-12-2023', 'December', '2023', 'A,P,P,P', '', '', '3,3,3,3'),
(362, '52,58,65,82,84,92,114', 30, '4', '18-12-2023', 'December', '2023', 'A,A,P,P,P,P,A', '', '', '3,3,3,3,3,3,3'),
(363, '30,33', 22, '2', '19-12-2023', 'December', '2023', 'P,A', '', '', '3,3'),
(364, '36,43,47,48,56,76,78,147,148', 28, '2', '19-12-2023', 'December', '2023', 'A,A,P,P,P,P,P,P,P', '', '', '3,3,3,3,3,3,3,3,3'),
(365, '143,144,145,146', 35, '4', '19-12-2023', 'December', '2023', 'P,P,P,P', '', '', '3,3,3,3'),
(366, '26,95,97,98,99,101,113,136', 20, '4', '19-12-2023', 'December', '2023', 'A,A,P,P,A,A,P,P', 'Array Functions', 'Array Functions assignment.', '0,0,1,1,0,0,0,1'),
(367, '37,137', 9, '4', '20-12-2023', 'December', '2023', 'P,P', '', '', '3,3'),
(368, '120,127,135,85', 33, '4', '20-12-2023', 'December', '2023', 'P,A,P,S', '', '', '3,3,3,3'),
(369, '41,42,89,119,128', 24, '4', '20-12-2023', 'December', '2023', 'P,A,P,P,P', '', '', '3,3,3,3,3'),
(370, '32,39,60,61,64,79', 18, '4', '20-12-2023', 'December', '2023', 'P,P,P,P,P,P', '', '', '3,3,3,3,3,3'),
(371, '57,102,118,129', 16, '9', '20-12-2023', 'December', '2023', 'A,P,P,P', '', '', '3,3,3,3'),
(372, '52,58,65,82,84,92,114', 30, '4', '20-12-2023', 'December', '2023', 'A,P,P,P,P,P,A', '', '', '3,3,3,3,3,3,3'),
(373, '30,33', 22, '2', '21-12-2023', 'December', '2023', 'P,P', '', '', '3,3'),
(374, '36,43,47,48,56,76,78,147,148', 28, '2', '21-12-2023', 'December', '2023', 'A,P,P,P,P,P,P,P,P', '', '', '3,3,3,3,3,3,3,3,3'),
(375, '143,144,145,146', 35, '4', '21-12-2023', 'December', '2023', 'P,P,P,P', '', '', '3,3,3,3'),
(376, '26,95,97,98,99,101,113,136', 20, '4', '21-12-2023', 'December', '2023', 'A,A,A,A,A,A,A,P', '', '', '3,3,3,3,3,3,3,3'),
(377, '120,127,135,85', 33, '4', '22-12-2023', 'December', '2023', 'A,P,P,S', '', '', '3,3,3,3'),
(378, '41,42,89,119,128', 24, '4', '22-12-2023', 'December', '2023', 'P,P,P,A,P', '', '', '3,3,3,3,3'),
(379, '32,39,60,61,64,79', 18, '4', '22-12-2023', 'December', '2023', 'P,A,P,P,P,A', '', '', '3,3,3,3,3,3'),
(380, '52,58,65,82,84,92,114', 30, '4', '22-12-2023', 'December', '2023', 'A,P,P,P,P,P,A', '', '', '3,3,3,3,3,3,3'),
(381, '37,137', 9, '4', '23-12-2023', 'December', '2023', 'P,A', '', '', '3,3'),
(382, '36,43,47,48,56,76,78,147,148', 28, '2', '23-12-2023', 'December', '2023', 'A,P,P,P,P,P,P,A,P', '', '', '3,3,3,3,3,3,3,3,3'),
(383, '143,144,145,146', 35, '4', '23-12-2023', 'December', '2023', 'P,P,P,P', 'SEO PSD', 'Code complete SEO PSD.', '1,1,1,1'),
(384, '30,33', 22, '2', '23-12-2023', 'December', '2023', 'A,A', '', '', '3,3'),
(385, '26,95,97,98,99,101,113,136', 20, '4', '23-12-2023', 'December', '2023', 'P,A,P,P,A,A,A,P', '', '', '3,3,3,3,3,3,3,3'),
(386, '30,33', 22, '2', '26-12-2023', 'December', '2023', 'A,P', '', '', '3,3'),
(387, '36,43,47,48,56,76,78,147,148', 28, '2', '26-12-2023', 'December', '2023', 'A,P,P,P,P,P,P,P,A', '', '', '3,3,3,3,3,3,3,3,3'),
(388, '143,144,145,146', 35, '4', '26-12-2023', 'December', '2023', 'P,P,A,P', '', '', '3,3,3,3'),
(389, '26,95,97,98,99,101,113,136', 20, '4', '26-12-2023', 'December', '2023', 'P,A,P,P,A,P,P,P', '', '', '3,3,3,3,3,3,3,3'),
(390, '37,137', 9, '4', '27-12-2023', 'December', '2023', 'P,P', '20 Products', '20 Products of each Product Type.', '1,1'),
(391, '120,127,135,85', 33, '4', '27-12-2023', 'December', '2023', 'P,P,P,S', 'Graphico PSD.', 'Code Complete Graphico PSD.', '1,0,1,3'),
(392, '41,42,89,119,128', 24, '4', '27-12-2023', 'December', '2023', 'A,A,P,P,P', '', '', '3,3,3,3,3'),
(393, '32,39,60,61,64,79', 18, '4', '27-12-2023', 'December', '2023', 'P,A,P,P,P,P', '', '', '3,3,3,3,3,3');
INSERT INTO `attandance` (`attendance_id`, `student_ids`, `batch_name`, `attendance_teacher_id`, `attendance_date`, `attendance_month`, `attendance_year`, `attendance_status`, `assigments`, `assigment_detail`, `assigments_done`) VALUES
(394, '52,58,65,82,84,92,114', 30, '4', '27-12-2023', 'December', '2023', 'A,P,A,P,A,P,A', '', '', '3,3,3,3,3,3,3'),
(395, '30,33', 22, '2', '28-12-2023', 'December', '2023', 'A,P', '', '', '3,3'),
(396, '143,144,145,146', 35, '4', '28-12-2023', 'December', '2023', 'P,P,P,A', '', '', '3,3,3,3'),
(397, '36,43,47,48,56,76,78,147,148', 28, '2', '28-12-2023', 'December', '2023', 'A,A,P,P,A,P,P,P,A', '', '', '3,3,3,3,3,3,3,3,3'),
(398, '26,95,97,98,99,101,113,136', 20, '4', '28-12-2023', 'December', '2023', 'P,A,P,P,A,A,P,A', '', '', '3,3,3,3,3,3,3,3'),
(399, '37,137', 9, '4', '29-12-2023', 'December', '2023', 'P,A', '', '', '3,3'),
(400, '120,127,135,85', 33, '4', '29-12-2023', 'December', '2023', 'P,P,P,S', '', '', '3,3,3,3'),
(401, '41,42,89,119,128', 24, '4', '29-12-2023', 'December', '2023', 'A,P,P,P,A', '', '', '3,3,3,3,3'),
(402, '32,39,60,61,64,79', 18, '4', '29-12-2023', 'December', '2023', 'P,P,P,A,P,A', 'Random Assignment', 'Code Random Assignment as per class discussion.', '0,0,1,0,0,0'),
(403, '52,58,65,82,84,92,114', 30, '4', '29-12-2023', 'December', '2023', 'P,P,P,P,A,P,A', '', '', '3,3,3,3,3,3,3'),
(404, '36,43,47,48,56,76,78,147,148', 28, '2', '30-12-2023', 'December', '2023', 'A,A,A,A,P,A,P,P,P', '', '', '3,3,3,3,3,3,3,3,3'),
(405, '143,144,145,146', 35, '4', '30-12-2023', 'December', '2023', 'P,P,P,P', 'Block Chain PSD', 'Code complete Block Chain PSD.', '1,1,1,0'),
(406, '30,33', 22, '2', '30-12-2023', 'December', '2023', 'A,A', '', '', '3,3'),
(407, '26,95,97,98,99,101,113,136', 20, '4', '30-12-2023', 'December', '2023', 'P,A,P,P,A,A,P,P', '', '', '3,3,3,3,3,3,3,3'),
(408, '37,137', 9, '4', '01-01-2024', 'January', '2024', 'P,P', '', '', '3,3'),
(409, '120,127,135,85', 33, '4', '01-01-2024', 'January', '2024', 'P,A,P,S', '', '', '3,3,3,3'),
(410, '41,42,89,119,128', 24, '4', '01-01-2024', 'January', '2024', 'P,A,P,P,A', '', '', '3,3,3,3,3'),
(411, '32,39,60,61,64,79', 18, '4', '01-01-2024', 'January', '2024', 'P,A,P,P,P,A', 'Update, Delete,Sold', 'Admin Dashboard \'Update, Delete,Sold\'.', '1,0,1,1,1,0'),
(412, '58,65,82,84,92', 30, '4', '01-01-2024', 'January', '2024', 'A,P,A,P,P,P,A', 'Responsive Email Template', 'Code complete Responsive Email Template.', '1,0,1,0,1'),
(413, '37,137', 9, '4', '02-01-2024', 'January', '2024', 'P,P', '', '', '3,3'),
(414, '30,33', 22, '2', '02-01-2024', 'January', '2024', 'A,P', '', '', '3,3'),
(415, '143,144,145,146', 35, '4', '02-01-2024', 'January', '2024', 'P,P,P,P', '', '', '3,3,3,3'),
(416, '36,43,47,48,56,76,78,147,148', 28, '2', '02-01-2024', 'January', '2024', 'P,P,P,P,P,P,P,P,P', '', '', '3,3,3,3,3,3,3,3,3'),
(417, '26,97,98,113,136', 20, '4', '02-01-2024', 'January', '2024', 'A,A,P,P,A,A,P,A', 'PHP Loop Tasks', 'Code PHP Loop Tasks.', '0,1,1,0,1'),
(418, '120,127,135,85', 33, '4', '03-01-2024', 'January', '2024', 'P,P,P,S', 'Graphico PSD along with inner pages.', 'Code complete Graphico PSD along with inner pages.', '1,0,1,3'),
(419, '41,42,89,119,128', 24, '4', '03-01-2024', 'January', '2024', 'P,A,P,P,P', '', '', '3,3,3,3,3'),
(420, '32,39,60,61,64,79', 18, '4', '03-01-2024', 'January', '2024', 'P,A,P,P,P,P', 'Ecommerce', 'Make Ecommerce website dynamic.', '1,0,1,1,1,0'),
(421, '120,127,135,85', 33, '4', '05-01-2024', 'January', '2024', 'P,A,P,S', '', '', '3,3,3,3'),
(422, '41,42,89,119,128', 24, '4', '05-01-2024', 'January', '2024', 'A,P,P,P,A', '', '', '3,3,3,3,3'),
(423, '32,39,60,61,64,79', 18, '4', '05-01-2024', 'January', '2024', 'P,A,P,P,P,A', '', '', '3,3,3,3,3,3'),
(424, '52,58,65,82,84,92', 30, '4', '05-01-2024', 'January', '2024', 'A,A,P,P,A,P', '', '', '3,3,3,3,3,3'),
(425, '143,144,145,146', 35, '4', '06-01-2024', 'January', '2024', 'P,P,P,P', '', '', '3,3,3,3'),
(426, '36,43,47,48,56,76,78,147,148', 28, '2', '06-01-2024', 'January', '2024', 'A,P,P,A,P,P,P,P,P', '', '', '3,3,3,3,3,3,3,3,3'),
(427, '30,33', 22, '2', '06-01-2024', 'January', '2024', 'A,A', '', '', '3,3'),
(428, '105,106,107,138,139,140,141,142,151', 34, '', '10-10-2023', 'October', '2023', 'A,A,A,A,P,A,A,A,S', '', '', '3,3,3,3,3,3,3,3,3'),
(429, '63,66,67,68,69,70,71,73,83,87,94', 19, '', '01-12-2023', 'December', '2023', 'P,P,P,P,P,P,P,P,P,P,P', '', '', '3,3,3,3,3,3,3,3,3,3,3'),
(430, '26,95,97,98,99,101,113,136', 20, '4', '06-01-2024', 'January', '2024', 'A,A,P,P,A,A,P,P', '', '', '3,3,3,3,3,3,3,3'),
(431, '120,127,135,85', 33, '4', '08-01-2024', 'January', '2024', 'P,P,P,S', 'Design PSD', 'Code complete Design PSD.', '1,0,1,3'),
(432, '41,42,89,119,128', 24, '4', '08-01-2024', 'January', '2024', 'A,P,P,P,A', 'Bazar PSD ', 'Code complete Bazar PSD.', '0,0,1,1,0'),
(433, '32,39,60,61,64,79', 18, '4', '08-01-2024', 'January', '2024', 'P,A,P,P,P,P', '', '', '3,3,3,3,3,3'),
(434, '52,58,65,82,84,92', 30, '4', '08-01-2024', 'January', '2024', 'A,A,P,P,P,P', '', '', '3,3,3,3,3,3'),
(435, '30,33', 22, '2', '04-01-2024', 'January', '2024', 'A,A', '', '', '3,3'),
(436, '57,102,118,129', 16, '', '01-01-2024', 'January', '2024', 'S,P,P,P', '', '', '3,3,3,3'),
(437, '57,102,118,129', 16, '', '03-01-2024', 'January', '2024', 'S,P,P,P', '', '', '3,3,3,3'),
(438, '57,102,118,129', 16, '', '05-01-2024', 'January', '2024', 'S,P,P,P', '', '', '3,3,3,3'),
(439, '57,102,118,129', 16, '', '08-01-2024', 'January', '2024', 'S,P,P,P', '', '', '3,3,3,3'),
(440, '121,124,126,130,132', 23, '', '08-01-2024', 'January', '2024', 'P,P,A,A,S', '', '', '3,3,3,3,3'),
(441, '121,124,126,130,132', 23, '', '05-01-2024', 'January', '2024', 'P,P,P,P,S', '', '', '3,3,3,3,3'),
(442, '121,124,126,130,132', 23, '', '03-01-2024', 'January', '2024', 'P,A,A,A,S', '', '', '3,3,3,3,3'),
(443, '121,124,126,130,132', 23, '', '01-01-2024', 'January', '2024', 'P,A,P,P,S', '', '', '3,3,3,3,3'),
(444, '143,144,145,146', 35, '4', '09-01-2024', 'January', '2024', 'A,P,P,P', '', '', '3,3,3,3'),
(445, '30,33', 22, '2', '09-01-2024', 'January', '2024', 'A,P', '', '', '3,3'),
(446, '36,43,47,48,56,76,78,147,148', 28, '2', '09-01-2024', 'January', '2024', 'A,P,P,P,P,P,P,P,P', '', '', '3,3,3,3,3,3,3,3,3'),
(447, '26,97,98,113,136', 20, '4', '09-01-2024', 'January', '2024', 'A,P,P,P,P', '', '', '3,3,3,3,3'),
(448, '41,42,89,119,128,150', 24, '4', '10-01-2024', 'January', '2024', 'A,A,P,P,A,A', '', '', '3,3,3,3,3,3'),
(449, '120,127,135,85', 33, '4', '10-01-2024', 'January', '2024', 'P,P,P,S', '', '', '3,3,3,3'),
(450, '32,39,60,61,64,79', 18, '4', '10-01-2024', 'January', '2024', 'P,A,P,P,P,P', '', '', '3,3,3,3,3,3'),
(451, '52,58,65,82,84,92', 30, '4', '10-01-2024', 'January', '2024', 'A,P,P,P,P,P', '', '', '3,3,3,3,3,3'),
(452, '30,33', 22, '2', '11-01-2024', 'January', '2024', 'P,A', '', '', '3,3'),
(453, '143,144,145,146', 35, '4', '11-01-2024', 'January', '2024', 'P,P,P,P', 'Nutrition PSD', 'Code complete Nutrition PSD.', '1,1,1,1'),
(454, '26,97,98,113,136', 20, '4', '11-01-2024', 'January', '2024', 'P,P,P,A,P', 'Data Entry', 'Code Data Entry.', '0,1,0,1,0'),
(455, '120,127,135,85', 33, '4', '12-01-2024', 'January', '2024', 'P,P,P,S', '', '', '3,3,3,3'),
(456, '41,42,89,119,128,150', 24, '4', '12-01-2024', 'January', '2024', 'P,P,P,P,A,P', '', '', '3,3,3,3,3,3'),
(457, '58,65,82,84,92', 30, '4', '12-01-2024', 'January', '2024', 'A,A,A,P,P', '', '', '3,3,3,3,3'),
(458, '30,33', 22, '2', '13-01-2024', 'January', '2024', 'P,P', '', '', '3,3'),
(459, '143,144,145,146', 35, '4', '13-01-2024', 'January', '2024', 'P,P,P,P', 'Nutrition PSD along with inner page', 'Code complete Nutrition PSD along with inner page.', '1,1,1,1'),
(460, '36,43,47,48,56,76,78,147,148', 28, '2', '13-01-2024', 'January', '2024', 'A,A,P,P,P,A,P,P,P', '', '', '3,3,3,3,3,3,3,3,3'),
(461, '26,97,98,113,136', 20, '4', '13-01-2024', 'January', '2024', 'A,P,P,P,A', '', '', '3,3,3,3,3'),
(462, '120,127,135,85', 33, '4', '15-01-2024', 'January', '2024', 'P,A,P,S', '', '', '3,3,3,3'),
(463, '32,39,60,61,64,79', 18, '4', '15-01-2024', 'January', '2024', 'P,A,P,P,P,P', '', '', '3,3,3,3,3,3'),
(464, '41,42,89,119,128,150', 24, '4', '15-01-2024', 'January', '2024', 'A,A,P,P,P,A', '', '', '3,3,3,3,3,3'),
(465, '58,65,82,84,92', 30, '4', '15-01-2024', 'January', '2024', 'P,P,P,P,P', '', '', '3,3,3,3,3'),
(466, '30,33', 22, '2', '16-01-2024', 'January', '2024', 'P,P', '', '', '3,3'),
(467, '36,43,47,48,56,76,78,147,148', 28, '2', '16-01-2024', 'January', '2024', 'A,A,A,P,P,A,A,A,A', '', '', '3,3,3,3,3,3,3,3,3'),
(468, '143,144,145,146', 35, '4', '16-01-2024', 'January', '2024', 'P,P,P,P', '', '', '3,3,3,3'),
(469, '26,97,98,113,136', 20, '4', '16-01-2024', 'January', '2024', 'P,P,P,P,P', '', '', '3,3,3,3,3'),
(470, '120,127,135,85', 33, '4', '17-01-2024', 'January', '2024', 'P,A,P,S', '', '', '3,3,3,3'),
(471, '41,42,89,119,128,150', 24, '4', '17-01-2024', 'January', '2024', 'A,P,P,P,A,P', '', '', '3,3,3,3,3,3'),
(472, '32,39,60,61,64,79', 18, '4', '17-01-2024', 'January', '2024', 'P,A,P,P,P,P', '', '', '3,3,3,3,3,3'),
(473, '58,65,82,84,92', 30, '4', '17-01-2024', 'January', '2024', 'P,P,P,P,P', 'Bazingo PSD.', 'Code complete Bazingo PSD.', '3,3,3,3,3'),
(474, '152,153,155,156', 36, '3', '18-01-2024', 'January', '2024', 'P,S,S,S', '', '', '3,3,3,3'),
(475, '143,144,145,146', 35, '4', '18-01-2024', 'January', '2024', 'A,P,P,P', '', '', '3,3,3,3'),
(476, '30,33', 22, '2', '18-01-2024', 'January', '2024', 'P,A', '', '', '3,3'),
(477, '36,43,47,48,56,76,78,147,148', 28, '2', '18-01-2024', 'January', '2024', 'A,A,A,A,P,A,P,P,P', '', '', '3,3,3,3,3,3,3,3,3'),
(478, '26,97,98,113,136', 20, '4', '18-01-2024', 'January', '2024', 'A,P,P,P,A', '', '', '3,3,3,3,3'),
(479, '120,127,135,85', 33, '4', '19-01-2024', 'January', '2024', 'P,A,P,S', '', '', '3,3,3,3'),
(480, '41,42,89,119,128,150', 24, '4', '19-01-2024', 'January', '2024', 'P,P,P,P,A,P', '', '', '3,3,3,3,3,3'),
(481, '32,39,60,61,64,79', 18, '4', '19-01-2024', 'January', '2024', 'P,A,P,P,P,P', '', '', '3,3,3,3,3,3'),
(482, '58,65,82,84,92', 30, '4', '19-01-2024', 'January', '2024', 'P,P,P,P,P', '', '', '3,3,3,3,3'),
(483, ',131,59', 38, '2', '19-01-2024', 'January', '2024', ',S,S', '', '', ',3,3'),
(484, ',131,59', 38, '2', '15-01-2024', 'January', '2024', ',S,S', '', '', ',3,3'),
(485, '36,43,47,48,56,76,78,147,148', 28, '2', '20-01-2024', 'January', '2024', 'A,P,P,A,A,P,P,P,P', '', '', '3,3,3,3,3,3,3,3,3'),
(486, '143,144,145,146', 35, '4', '20-01-2024', 'January', '2024', 'P,A,P,P', 'Graphico PSD along with inner pages.', 'Code complete Graphico PSD along with inner pages.', '1,0,1,1'),
(487, '26,97,98,113,136', 20, '4', '20-01-2024', 'January', '2024', 'A,P,P,P,A', '', '', '3,3,3,3,3'),
(488, '120,127,135,85', 33, '4', '22-01-2024', 'January', '2024', 'P,P,P,S', 'Final PSD', 'Code complete Final PSD.', '3,3,3,3'),
(489, '41,42,89,119,128,150', 24, '4', '22-01-2024', 'January', '2024', 'A,A,P,P,A,P', '', '', '3,3,3,3,3,3'),
(490, '32,39,60,61,64,79', 18, '4', '22-01-2024', 'January', '2024', 'P,A,P,P,P,P', 'Cookie PHP', 'Code complete Cookie PHP.', '1,0,1,0,1,0'),
(491, '58,65,82,84,92', 30, '4', '22-01-2024', 'January', '2024', 'A,P,P,P,P', '', '', '3,3,3,3,3'),
(492, '30,33', 22, '2', '23-01-2024', 'January', '2024', 'P,A', '', '', '3,3'),
(493, '143,144,145,146', 35, '4', '23-01-2024', 'January', '2024', 'P,P,P,P', '', '', '3,3,3,3'),
(494, '26,97,98,113,136', 20, '4', '23-01-2024', 'January', '2024', 'A,P,P,P,A', '', '', '3,3,3,3,3'),
(495, '120,127,135,85', 33, '4', '24-01-2024', 'January', '2024', 'P,P,P,S', '', '', '3,3,3,3'),
(496, '41,42,89,119,128,150', 24, '4', '24-01-2024', 'January', '2024', 'A,P,P,P,A,P', '', '', '3,3,3,3,3,3'),
(497, ',131,59', 38, '2', '24-01-2024', 'January', '2024', ',S,S', '', '', ',3,3'),
(498, '58,65,82,84,92', 30, '4', '24-01-2024', 'January', '2024', 'P,A,P,P,P', '', '', '3,3,3,3,3'),
(499, '30,33', 22, '2', '25-01-2024', 'January', '2024', 'P,A', '', '', '3,3'),
(500, '30,33', 22, '2', '20-01-2024', 'January', '2024', 'A,A', '', '', '3,3'),
(501, '36,43,47,48,56,76,78,147,148', 28, '2', '23-01-2024', 'January', '2024', 'A,A,A,A,A,A,P,A,P', '', '', '3,3,3,3,3,3,3,3,3'),
(502, '36,43,47,48,56,76,78,147,148', 28, '2', '25-01-2024', 'January', '2024', 'A,P,P,A,P,P,A,A,A', '', '', '3,3,3,3,3,3,3,3,3'),
(503, '143,144,145,146', 35, '4', '25-01-2024', 'January', '2024', 'P,A,P,P', '', '', '3,3,3,3'),
(504, '26,97,98,113,136', 20, '4', '25-01-2024', 'January', '2024', 'A,P,P,P,A', '', '', '3,3,3,3,3'),
(505, '120,127,135,85', 33, '4', '26-01-2024', 'January', '2024', 'P,P,A,S', '', '', '3,3,3,3'),
(506, ',131,59', 38, '2', '26-01-2024', 'January', '2024', ',S,S', '', '', ',3,3'),
(507, '41,42,89,119,128,150', 24, '4', '26-01-2024', 'January', '2024', 'P,A,P,P,A,P', '', '', '3,3,3,3,3,3'),
(508, '32,39,60,61,64,79', 18, '4', '26-01-2024', 'January', '2024', 'P,A,P,A,P,A', '', '', '3,3,3,3,3,3'),
(509, '58,65,82,84,92', 30, '4', '26-01-2024', 'January', '2024', 'P,P,P,P,P', '', '', '3,3,3,3,3'),
(510, '59,131,161', 38, '2', '22-01-2024', 'January', '2024', 'P,P,P', '', '', '3,3,3'),
(511, '30,33', 22, '2', '27-01-2024', 'January', '2024', 'A,A', '', '', '3,3'),
(512, '143,144,145,146', 35, '4', '27-01-2024', 'January', '2024', 'P,P,P,A', '', '', '3,3,3,3'),
(513, '36,43,47,48,56,76,78,147,148', 28, '2', '27-01-2024', 'January', '2024', 'A,P,P,A,P,P,P,A,A', '', '', '3,3,3,3,3,3,3,3,3'),
(514, '26,97,98,113,136', 20, '4', '27-01-2024', 'January', '2024', 'A,P,P,P,P', 'Registration and Login Page', 'Finalize Registration and Login Page.', '3,3,3,3,3'),
(515, '85,120,127,135', 33, '4', '29-01-2024', 'January', '2024', 'P,P,A,P', '', '', '3,3,3,3'),
(516, '41,42,89,119,128,150', 24, '4', '29-01-2024', 'January', '2024', 'A,P,P,P,A,P', 'Email Template along with responsive.', 'Code complete Email Template along with responsive.', '3,3,3,3,3,3'),
(517, '157,158,159,160,162,163', 39, '7', '29-01-2024', 'January', '2024', 'P,P,P,P,P,S', 'First assigment', 'name achor work (Blog website)', '3,3,3,3,3,3'),
(518, '32,60,61,64,79', 18, '4', '29-01-2024', 'January', '2024', 'P,P,A,P,P', '', '', '3,3,3,3,3'),
(519, '58,65,82,84,92', 30, '4', '29-01-2024', 'January', '2024', 'P,P,P,P,P', '', '', '3,3,3,3,3'),
(520, '59,131,161', 38, '2', '29-01-2024', 'January', '2024', 'A,P,A', '', '', '3,3,3'),
(521, '36,43,47,48,56,76,78,147,148', 28, '2', '30-01-2024', 'January', '2024', 'A,A,A,P,P,A,A,A,A', '', '', '3,3,3,3,3,3,3,3,3'),
(522, '143,144,145,146', 35, '4', '30-01-2024', 'January', '2024', 'P,P,P,P', 'Design PSD', 'Code complete Design PSD.', '3,3,3,3'),
(523, '26,97,98,113,136', 20, '4', '30-01-2024', 'January', '2024', 'P,P,P,A,A', '', '', '3,3,3,3,3'),
(524, '85,120,127,135', 33, '4', '31-01-2024', 'January', '2024', 'A,A,A,P', '', '', '3,3,3,3'),
(525, '41,42,89,119,128,150', 24, '4', '31-01-2024', 'January', '2024', 'A,A,A,P,A,P', '', '', '3,3,3,3,3,3');

-- --------------------------------------------------------

--
-- Table structure for table `batch`
--

CREATE TABLE `batch` (
  `batch_id` int(11) NOT NULL,
  `batch_name` varchar(255) DEFAULT NULL,
  `batch_code` varchar(255) DEFAULT NULL,
  `batch_slot` varchar(255) DEFAULT NULL,
  `teacher` int(11) DEFAULT NULL,
  `time` varchar(200) NOT NULL,
  `course_id` int(11) NOT NULL,
  `course_duration` varchar(255) DEFAULT NULL,
  `lab_number` int(20) NOT NULL,
  `date_of_start` varchar(255) DEFAULT NULL,
  `date_of_end` varchar(255) DEFAULT NULL,
  `change_date` varchar(100) NOT NULL
) ENGINE=InnoDB DEFAULT CHARSET=utf8mb4 COLLATE=utf8mb4_general_ci;

--
-- Dumping data for table `batch`
--

INSERT INTO `batch` (`batch_id`, `batch_name`, `batch_code`, `batch_slot`, `teacher`, `time`, `course_id`, `course_duration`, `lab_number`, `date_of_start`, `date_of_end`, `change_date`) VALUES
(1, 'UI/UX    101', '101', 'MWF', 7, '4to5pm', 5, '3', 1, '11-07-2023', NULL, ''),
(2, 'GD 148', '148', 'TTS', 3, '4to5pm', 1, '8', 3, '14-01-2023', NULL, ''),
(3, 'WE   142', '142', 'TTS', 7, '5to6pm', 4, '15', 3, '18-07-2023', NULL, '27-01-2024'),
(4, 'GD 153', '153', 'TTS', 7, '7to8pm', 1, '8', 3, '05-08-2023', NULL, '27-01-2024'),
(5, 'WE  141', '141', 'TTS', 7, '8to9pm', 4, '15', 3, '18-07-2023', NULL, '27-01-2024'),
(6, 'SEO   12', '12', 'TTS', 1, '8to9pm', 7, '7', 2, '11-02-2023', NULL, ''),
(7, 'GD  152', '152', 'TTS', 3, '9to10pm', 1, '8', 3, '20-07-2023', NULL, ''),
(8, 'SEO 113', '113', 'TTS', 1, '6to7pm', 7, '7', 1, '05-08-2023', NULL, ''),
(9, 'WE    137', '137', 'MWF', 4, '3to4pm', 4, '15', 3, '20-02-2023', NULL, ''),
(10, 'GD   150', '150', 'MWF', 7, '4to5pm', 1, '8', 1, '2023-06-01', NULL, ''),
(11, 'GD  149', '149', 'MWF', 3, '5to6pm', 1, '8', 3, '2023-02-02', NULL, ''),
(12, 'CIT  101', '101', 'TTS', 8, '9to10pm', 12, '3', 4, '2023-08-05', NULL, ''),
(13, 'ENG 01', '01', 'TTS', 8, '9to10pm', 13, '6', 4, '2023-08-05', NULL, ''),
(14, 'CIT  102', '102', 'MWF', 8, '8to9pm', 12, '3', 4, '2023-08-28', NULL, ''),
(15, 'ENG   02', '02', 'MWF', 8, '9to10pm', 13, '6', 4, '2023-08-28', NULL, ''),
(16, 'WE  130', '130', 'MWF', 9, '5to6pm', 4, '15', 2, '18-05-2022', '', ''),
(17, 'AMAZON  11', '11', 'MWF', 1, '5to6pm', 8, '3', 1, '2023-07-14', NULL, ''),
(18, 'WE  134  135', '135', 'MWF', 4, '6to7pm', 4, '15', 3, '2022-11-24', NULL, ''),
(19, 'WE  139', '139', 'MWF', 7, '7to8pm', 4, '15', 1, '2023-05-16', NULL, ''),
(20, ' WE   136/138', '136138', 'TTS', 4, '8to9pm', 4, '15', 3, '2023-03-20', NULL, ''),
(21, 'GD    151', '151', 'MWF', 3, '8to9pm', 1, '8', 3, '2023-06-01', NULL, ''),
(22, 'A/V   11', '11', 'TTS', 2, '5to6pm', 9, '6', 4, '28-08-2023', NULL, ''),
(23, 'GD     154', '154', 'MWF', 3, '5to6pm', 1, '8', 3, '11-10-2023', '', '27-01-2024'),
(24, 'WD    144', '144', 'TTS', 4, '6to7pm', 2, '15', 3, '14-09-2023', NULL, '22-11-2023'),
(25, 'A/V      12', '12', 'TTS', 2, '4to5pm', 9, '6', 4, '07-09-2023', NULL, ''),
(28, 'GD  156', '156', 'TTS', 2, '6to7pm', 1, '8', 4, '2023-09-16', NULL, ''),
(29, 'GD   155', '155', 'MWF', 3, '3to4pm', 1, '8', 3, '2023-09-15', NULL, ''),
(30, 'WE    143', '143', 'MWF', 4, '8to9pm', 3, '15', 2, '05-08-2023', '', ''),
(31, 'W/P     101', '101', 'TTS', 4, '7to8pm', 20, '2', 2, '2023-09-19', NULL, ''),
(32, ' SEO  12', '12', 'TTS', 1, '8to9pm', 7, '8', 1, '2023-02-11', NULL, ''),
(33, 'WE  145', '145', 'MWF', 4, '4to5pm', 4, '16', 2, '2023-10-03', NULL, '22-11-2023'),
(34, 'dum-100', '100', 'MWF', 4, '7to8pm', 3, '6', 2, '2023-11-11', NULL, ''),
(35, 'W/E    146', '146', 'TTS', 4, '6to7pm', 3, '16', 2, '15-11-2023', '', ''),
(36, 'GD  157', '157', 'TTS', 3, '3to4pm', 1, '12', 3, '2024-01-11', NULL, ''),
(37, 'UI/UX 02', '02', 'MWF', 2, '6to7pm', 5, '4', 4, '2024-01-01', NULL, ''),
(38, 'A/E   13', '13', 'MWF', 2, '5to6pm', 9, '2', 4, '2024-01-15', NULL, ''),
(39, 'WE  147', '147', 'MWF', 7, '5to6pm', 4, '16', 1, '2024-01-15', NULL, '');

-- --------------------------------------------------------

--
-- Table structure for table `change_student`
--

CREATE TABLE `change_student` (
  `sno` int(11) NOT NULL,
  `change_student_id` varchar(500) DEFAULT NULL,
  `change_batch` varchar(500) NOT NULL,
  `attendance_dates` varchar(1000) DEFAULT NULL,
  `attendance_status` varchar(1000) DEFAULT NULL,
  `change_reason` longtext DEFAULT NULL
) ENGINE=InnoDB DEFAULT CHARSET=utf8mb4 COLLATE=utf8mb4_general_ci;

--
-- Dumping data for table `change_student`
--

INSERT INTO `change_student` (`sno`, `change_student_id`, `change_batch`, `attendance_dates`, `attendance_status`, `change_reason`) VALUES
(4, '59', '4', '03-10-2023,07-10-2023,10-10-2023,12-10-2023,19-10-2023,24-10-2023,26-10-2023,02-11-2023,09-11-2023', 'P,P,P,P,P,P,P,P,A', 'software chang ps '),
(5, '52', '5', '03-10-2023,05-10-2023,07-10-2023,12-10-2023,24-10-2023,28-10-2023,02-11-2023,09-11-2023', 'P,P,P,P,A,A,A,P', 'revising coures 141 to 143  10 nov 23'),
(6, '33', '25', '30-09-2023,03-10-2023,07-10-2023,05-10-2023,10-10-2023,12-10-2023,14-10-2023,17-10-2023,19-10-2023,21-10-2023,24-10-2023,26-10-2023,28-10-2023,31-10-2023,02-11-2023,07-11-2023', 'P,P,P,P,P,P,P,P,P,P,P,P,P,P,P,P', 'software change'),
(7, '21', '25', '30-09-2023,03-10-2023,07-10-2023,05-10-2023,10-10-2023,12-10-2023,14-10-2023,17-10-2023,19-10-2023,21-10-2023,24-10-2023,26-10-2023,28-10-2023,31-10-2023,02-11-2023,07-11-2023', 'P,P,P,P,P,P,P,P,P,P,P,P,P,P,A,A', 'software chaing'),
(8, '114', '5', '03-10-2023,05-10-2023,07-10-2023,12-10-2023,24-10-2023,28-10-2023,02-11-2023,09-11-2023', 'S,S,S,S,A,P,A,A', 'pervies clear karna'),
(9, '59', '21', '03-10-2023,02-10-2023,01-10-2023,04-10-2023,06-10-2023,25-10-2023,27-10-2023,30-10-2023,01-11-2023,06-11-2023', 'S,S,S,S,S,S,S,S,S,S', 'A sation complet 2nd start '),
(10, '85', '30', '02-10-2023,04-10-2023,06-10-2023,09-10-2023,11-10-2023,13-10-2023,16-10-2023,20-10-2023,23-10-2023,25-10-2023,27-10-2023,30-10-2023,01-11-2023,06-11-2023,08-11-2023,10-11-2023,14-11-2023,15-11-2023,17-11-2023,20-11-2023,22-11-2023,24-11-2023,27-11-2023,29-11-2023,01-12-2023,04-12-2023,06-12-2023,08-12-2023,11-12-2023,13-12-2023,15-12-2023,18-12-2023,20-12-2023,22-12-2023,27-12-2023,29-12-2023,01-01-2024,05-01-2024,08-01-2024,10-01-2024,12-01-2024,15-01-2024,17-01-2024,19-01-2024,22-01-2024,24-01-2024', 'A,A,A,P,A,P,P,P,P,A,P,P,P,P,P,A,P,P,P,P,P,A,P,A,P,P,P,P,A,P,P,A,P,P,A,P,P,A,P,P,P,A,A,P,A,A', 'Asemeny no complet'),
(11, '59', '38', '19-01-2024,15-01-2024,24-01-2024,26-01-2024', 'P,P,P,P', 'A sation complet 2nd start '),
(12, '131', '10', '02-10-2023,04-10-2023,07-12-2023', 'S,S,A', 'A section  complet  2nd start'),
(13, '59', '4', '03-10-2023,07-10-2023,10-10-2023,12-10-2023,19-10-2023,24-10-2023,26-10-2023,02-11-2023,09-11-2023,11-11-2023,14-11-2023', 'S,S,S,S,S,S,S,S,S,S,S', '1st class complet 2nd start');

-- --------------------------------------------------------

--
-- Table structure for table `city`
--

CREATE TABLE `city` (
  `city_sno` int(11) NOT NULL,
  `city_name` varchar(500) DEFAULT NULL,
  `country_id` int(11) DEFAULT NULL
) ENGINE=InnoDB DEFAULT CHARSET=utf8mb4 COLLATE=utf8mb4_general_ci;

--
-- Dumping data for table `city`
--

INSERT INTO `city` (`city_sno`, `city_name`, `country_id`) VALUES
(1, 'Karachi', 1),
(2, 'Hyderabad', 1),
(3, 'Sukkur', 1),
(4, 'Larkana', 1),
(5, 'Mirpur Khas', 1),
(6, 'Nawabshah', 1),
(7, 'Jacobabad', 1),
(8, 'Shikarpur', 1),
(9, 'Khairpur', 1),
(10, 'Dadu', 1),
(11, 'Tando Adam', 1),
(12, 'Ghotki', 1),
(13, 'Badin', 1),
(14, 'Thatta', 1),
(15, 'Kambar', 1),
(16, 'Umerkot', 1),
(17, 'Sanghar', 1),
(18, 'Matiari', 1),
(19, 'Kashmore', 1),
(20, 'Tando Allahyar', 1),
(21, 'Lahore', 1),
(22, 'Islamabad', 1),
(23, 'Faisalabad', 1),
(24, 'Rawalpindi', 1),
(25, 'Multan', 1),
(26, 'Peshawar', 1),
(27, 'Quetta', 1),
(28, 'Sialkot', 1),
(29, 'Gujranwala', 1),
(30, 'New York City', 2),
(31, 'Los Angeles', 2),
(32, 'Chicago', 2),
(33, 'Houston', 2),
(34, 'Phoenix', 2),
(35, 'Philadelphia', 2),
(36, 'San Antonio', 2),
(37, 'San Diego', 2),
(38, 'Dallas', 2),
(39, 'San Jose', 2),
(40, 'Austin', 2),
(41, 'Jacksonville', 2),
(42, 'Fort Worth', 2),
(43, 'Columbus', 2),
(44, 'Charlotte', 2),
(45, 'San Francisco', 2),
(46, 'Indianapolis', 2),
(47, 'Seattle', 2),
(48, 'Denver', 2),
(49, 'Washington, D.C.', 2),
(50, 'Toronto', 3),
(51, 'Montreal', 3),
(52, 'Vancouver', 3),
(53, 'Calgary', 3),
(54, 'Edmonton', 3),
(55, 'Ottawa', 3),
(56, 'Quebec City', 3),
(57, 'Winnipeg', 3),
(58, 'Hamilton', 3),
(59, 'Kitchener', 3),
(60, 'London', 3),
(61, 'Victoria', 3),
(62, 'Halifax', 3),
(63, 'Oshawa', 3),
(64, 'Windsor', 3),
(65, 'Saskatoon', 3),
(66, 'Regina', 3),
(67, 'St. John\'s', 3),
(68, 'Barrie', 3),
(69, 'Kelowna', 3),
(70, 'London', 4),
(71, 'Birmingham', 4),
(72, 'Manchester', 4),
(73, 'Glasgow', 4),
(74, 'Liverpool', 4),
(75, 'Edinburgh', 4),
(76, 'Leeds', 4),
(77, 'Bristol', 4),
(78, 'Sheffield', 4),
(79, 'Newcastle upon Tyne', 4),
(80, 'Cardiff', 4),
(81, 'Belfast', 4),
(82, 'Nottingham', 4),
(83, 'Southampton', 4),
(84, 'Leicester', 4),
(85, 'Plymouth', 4),
(86, 'Brighton', 4),
(87, 'Oxford', 4),
(88, 'Cambridge', 4),
(89, 'Aberdeen', 4),
(90, 'Sydney', 5),
(91, 'Melbourne', 5),
(92, 'Brisbane', 5),
(93, 'Perth', 5),
(94, 'Adelaide', 5),
(95, 'Gold Coast', 5),
(96, 'Newcastle', 5),
(97, 'Canberra', 5),
(98, 'Wollongong', 5),
(99, 'Hobart', 5),
(100, 'Mumbai', 6),
(101, 'Delhi', 6),
(102, 'Bangalore', 6),
(103, 'Chennai', 6),
(104, 'Kolkata', 6),
(105, 'Hyderabad', 6),
(106, 'Pune', 6),
(107, 'Ahmedabad', 6),
(108, 'Jaipur', 6),
(109, 'Surat', 6),
(110, 'Shanghai', 7),
(111, 'Beijing', 7),
(112, 'Guangzhou', 7),
(113, 'Shenzhen', 7),
(114, 'Chongqing', 7),
(115, 'Tianjin', 7),
(116, 'Wuhan', 7),
(117, 'Chengdu', 7),
(118, 'Nanjing', 7),
(119, 'Hangzhou', 7),
(120, 'Berlin', 8),
(121, 'Hamburg', 8),
(122, 'Munich', 8),
(123, 'Cologne', 8),
(124, 'Frankfurt', 8),
(125, 'Stuttgart', 8),
(126, 'Dusseldorf', 8),
(127, 'Dortmund', 8),
(128, 'Essen', 8),
(129, 'Leipzig', 8),
(130, 'Paris', 9),
(131, 'Marseille', 9),
(132, 'Lyon', 9),
(133, 'Toulouse', 9),
(134, 'Nice', 9),
(135, 'Nantes', 9),
(136, 'Strasbourg', 9),
(137, 'Montpellier', 9),
(138, 'Bordeaux', 9),
(139, 'Lille', 9),
(140, 'Sao Paulo', 11),
(141, 'Rio de Janeiro', 11),
(142, 'Brasilia', 11),
(143, 'Salvador', 11),
(144, 'Fortaleza', 11),
(145, 'Belo Horizonte', 11),
(146, 'Manaus', 11),
(147, 'Curitiba', 11),
(148, 'Recife', 11),
(149, 'Porto Alegre', 11),
(150, 'Moscow', 12),
(151, 'Saint Petersburg', 12),
(152, 'Novosibirsk', 12),
(153, 'Yekaterinburg', 12),
(154, 'Nizhny Novgorod', 12),
(155, 'Kazan', 12),
(156, 'Chelyabinsk', 12),
(157, 'Omsk', 12),
(158, 'Samara', 12),
(159, 'Rostov-on-Don', 12),
(160, 'Johannesburg', 13),
(161, 'Cape Town', 13),
(162, 'Durban', 13),
(163, 'Pretoria', 13),
(164, 'Port Elizabeth', 13),
(165, 'Bloemfontein', 13),
(166, 'Nelspruit', 13),
(167, 'Polokwane', 13),
(168, 'East London', 13),
(169, 'Kimberley', 13),
(170, 'Tokyo', 10),
(171, 'Yokohama', 10),
(172, 'Osaka', 10),
(173, 'Nagoya', 10),
(174, 'Sapporo', 10),
(175, 'Fukuoka', 10),
(176, 'Kobe', 10),
(177, 'Kyoto', 10),
(178, 'Kawasaki', 10),
(179, 'Saitama', 10),
(180, 'Mexico City', 14),
(181, 'Guadalajara', 14),
(182, 'Monterrey', 14),
(183, 'Puebla', 14),
(184, 'Tijuana', 14),
(185, 'Leon', 14),
(186, 'Juarez', 14),
(187, 'Zapopan', 14),
(188, 'Monclova', 14),
(189, 'Merida', 14),
(190, 'Rome', 15),
(191, 'Milan', 15),
(192, 'Naples', 15),
(193, 'Turin', 15),
(194, 'Palermo', 15),
(195, 'Genoa', 15),
(196, 'Bologna', 15),
(197, 'Florence', 15),
(198, 'Bari', 15),
(199, 'Catania', 15),
(200, 'Madrid', 16),
(201, 'Barcelona', 16),
(202, 'Valencia', 16),
(203, 'Seville', 16),
(204, 'Zaragoza', 16),
(205, 'Mlaga', 16),
(206, 'Murcia', 16),
(207, 'Palma', 16),
(208, 'Las Palmas', 16),
(209, 'Bilbao', 16),
(210, 'Seoul', 17),
(211, 'Busan', 17),
(212, 'Incheon', 17),
(213, 'Daegu', 17),
(214, 'Daejeon', 17),
(215, 'Gwangju', 17),
(216, 'Suwon', 17),
(217, 'Ulsan', 17),
(218, 'Changwon', 17),
(219, 'Seongnam', 17),
(220, 'Istanbul', 18),
(221, 'Ankara', 18),
(222, 'Izmir', 18),
(223, 'Bursa', 18),
(224, 'Antalya', 18),
(225, 'Adana', 18),
(226, 'Gaziantep', 18),
(227, 'Konya', 18),
(228, 'Izmit', 18),
(229, 'Kayseri', 18),
(230, 'Riyadh', 19),
(231, 'Jeddah', 19),
(232, 'Mecca', 19),
(233, 'Medina', 19),
(234, 'Dammam', 19),
(235, 'Khobar', 19),
(236, 'Tabuk', 19),
(237, 'Abha', 19),
(238, 'Taif', 19),
(239, 'Buraydah', 19),
(240, 'Dubai', 20),
(241, 'Abu Dhabi', 20),
(242, 'Sharjah', 20),
(243, 'Ajman', 20),
(244, 'Fujairah', 20),
(245, 'Ras Al Khaimah', 20),
(246, 'Umm Al Quwain', 20),
(247, 'Al Ain', 20),
(248, 'Khor Fakkan', 20),
(249, 'Kalba', 20),
(250, 'Singapore', 21),
(251, 'Auckland', 22),
(252, 'Wellington', 22),
(253, 'Christchurch', 22),
(254, 'Hamilton', 22),
(255, 'Tauranga', 22),
(256, 'Napier', 22),
(257, 'Dunedin', 22),
(258, 'Palmerston North', 22),
(259, 'Nelson', 22),
(260, 'Rotorua', 22),
(261, 'Buenos Aires', 23),
(262, 'Cordoba', 23),
(263, 'Rosario', 23),
(264, 'Mendoza', 23),
(265, 'San Juan', 23),
(266, 'Tucuman', 23),
(267, 'La Plata', 23),
(268, 'Mar del Plata', 23),
(269, 'Salta', 23),
(270, 'Santa Fe', 23),
(271, 'Bangkok', 24),
(272, 'Chiang Mai', 24),
(273, 'Phuket', 24),
(274, 'Pattaya', 24),
(275, 'Krabi', 24),
(276, 'Chonburi', 24),
(277, 'Nonthaburi', 24),
(278, 'Udon Thani', 24),
(279, 'Nakhon Ratchasima', 24),
(280, 'Hat Yai', 24),
(281, 'Kuala Lumpur', 25),
(282, 'George Town', 25),
(283, 'Johor Bahru', 25),
(284, 'Ipoh', 25),
(285, 'Shah Alam', 25),
(286, 'Petaling Jaya', 25),
(287, 'Kuching', 25),
(288, 'Kota Kinabalu', 25),
(289, 'Melaka City', 25),
(290, 'Seremban', 25),
(291, 'Jakarta', 26),
(292, 'Surabaya', 26),
(293, 'Bandung', 26),
(294, 'Medan', 26),
(295, 'Semarang', 26),
(296, 'Palembang', 26),
(297, 'Makassar', 26),
(298, 'Depok', 26),
(299, 'Tangerang', 26),
(300, 'South Tangerang', 26),
(301, 'Quezon City', 27),
(302, 'Manila', 27),
(303, 'Davao City', 27),
(304, 'Caloocan', 27),
(305, 'Cebu City', 27),
(306, 'Zamboanga City', 27),
(307, 'Taguig', 27),
(308, 'Pasig', 27),
(309, 'Valenzuela', 27),
(310, 'Antipolo', 27),
(311, 'Cairo', 28),
(312, 'Alexandria', 28),
(313, 'Giza', 28),
(314, 'Shubra El Kheima', 28),
(315, 'Port Said', 28),
(316, 'Suez', 28),
(317, 'Luxor', 28),
(318, 'El Mahalla El Kubra', 28),
(319, 'Aswan', 28),
(320, 'Damietta', 28),
(321, 'Lagos', 29),
(322, 'Kano', 29),
(323, 'Ibadan', 29),
(324, 'Kaduna', 29),
(325, 'Port Harcourt', 29),
(326, 'Benin City', 29),
(327, 'Maiduguri', 29),
(328, 'Zaria', 29),
(329, 'Abuja', 29),
(330, 'Aba', 29),
(331, 'Jamshoro', 1),
(332, 'Kotri', 1);

-- --------------------------------------------------------

--
-- Table structure for table `complain`
--

CREATE TABLE `complain` (
  `Id` int(11) NOT NULL,
  `name` varchar(255) NOT NULL,
  `email` varchar(255) NOT NULL,
  `complain_status` varchar(255) NOT NULL,
  `message` varchar(1000) NOT NULL,
  `date` varchar(255) NOT NULL
) ENGINE=InnoDB DEFAULT CHARSET=utf8mb4 COLLATE=utf8mb4_general_ci;

--
-- Dumping data for table `complain`
--

INSERT INTO `complain` (`Id`, `name`, `email`, `complain_status`, `message`, `date`) VALUES
(1, 'ahraz', 'ahrazsolanvi@gmail.com', 'Complain', 'this is for testing purpose', '15-Sep-2023'),
(2, 'khubaib', 'buisnessinindo@gmail.com', 'Complain', 'slow hai bhout', '19-Jan-2024'),
(3, 'khubaib', 'buisnessinindo@gmail.com', 'Complain', 'slow hai bhout sir zubair specially', '19-Jan-2024');

-- --------------------------------------------------------

--
-- Table structure for table `country`
--

CREATE TABLE `country` (
  `country_sno` int(11) NOT NULL,
  `country_name` varchar(500) DEFAULT NULL,
  `country_code` varchar(255) DEFAULT NULL
) ENGINE=InnoDB DEFAULT CHARSET=utf8mb4 COLLATE=utf8mb4_general_ci;

--
-- Dumping data for table `country`
--

INSERT INTO `country` (`country_sno`, `country_name`, `country_code`) VALUES
(1, 'Pakistan', '+92'),
(2, 'United States', '+1'),
(3, 'Canada', '+1'),
(4, 'United Kingdom', '+44'),
(5, 'Australia', '+61'),
(6, 'India', '+91'),
(7, 'China', '+86'),
(8, 'Germany', '+49'),
(9, 'France', '+33'),
(10, 'Japan', '+81'),
(11, 'Brazil', '+55'),
(12, 'Russia', '+7'),
(13, 'South Africa', '+27'),
(14, 'Mexico', '+52'),
(15, 'Italy', '+39'),
(16, 'Spain', '+34'),
(17, 'South Korea', '+82'),
(18, 'Turkey', '+90'),
(19, 'Saudi Arabia', '+966'),
(20, 'UAE', '+971'),
(21, 'Singapore', '+65'),
(22, 'New Zealand', '+64'),
(23, 'Argentina', '+54'),
(24, 'Thailand', '+66'),
(25, 'Malaysia', '+60'),
(26, 'Indonesia', '+62'),
(27, 'Philippines', '+63'),
(28, 'Egypt', '+20'),
(29, 'Nigeria', '+234');

-- --------------------------------------------------------

--
-- Table structure for table `course`
--

CREATE TABLE `course` (
  `Id` int(11) NOT NULL,
  `course_name` varchar(255) NOT NULL,
  `course_duration` varchar(255) NOT NULL,
  `description` longtext NOT NULL,
  `course_thumbnail` varchar(1000) NOT NULL
) ENGINE=InnoDB DEFAULT CHARSET=utf8mb4 COLLATE=utf8mb4_general_ci;

--
-- Dumping data for table `course`
--

INSERT INTO `course` (`Id`, `course_name`, `course_duration`, `description`, `course_thumbnail`) VALUES
(1, 'Graphics Designing', '6', '', 'graphics.jpg'),
(2, 'Web Designing', '6', '', 'web_designing.jpg'),
(3, 'Web Development', '6', '', 'web development.jpg'),
(4, 'Web Engineering', '12', '', 'web_engineering.jpg'),
(5, 'UI/UX Designing', '3', '', 'ui ux.jpg'),
(6, 'Digital Marketing (SMM)', '2', '', 'digital.jpg'),
(7, 'SEO (Search Engine Optimization)', '6', '', 'seo.jpg'),
(8, 'Amazon', '3', '', 'amazon.jpg'),
(9, 'Audio Video Editing', '6', '', 'audio video.jpg'),
(10, '3D Animation', '6', '', '3d_animation.jpg'),
(11, 'AutoCAD', '2', '', 'autocad.jpg'),
(12, 'MS Office (CIT)', '3', '', 'cit.jpg'),
(13, 'English Language', '2', '', 'english.jpg'),
(14, 'Mobile App Development', '6', '', 'mobile.jpg'),
(20, 'WordPress(2 Months)', '2', '', 'wordpress.jpg'),
(21, 'WordPress(4 Months)', '4', '', 'wordpress.jpg'),
(22, 'Internship', '3', '', '');

-- --------------------------------------------------------

--
-- Table structure for table `left_student`
--

CREATE TABLE `left_student` (
  `sno` int(11) NOT NULL,
  `student_name` varchar(255) DEFAULT NULL,
  `email` varchar(500) NOT NULL,
  `father_name` varchar(255) DEFAULT NULL,
  `father_email` varchar(500) NOT NULL,
  `home_contact` varchar(255) DEFAULT NULL,
  `date_of_birth` varchar(255) DEFAULT NULL,
  `student_contact` varchar(255) DEFAULT NULL,
  `emergency_contact` varchar(255) DEFAULT NULL,
  `gender` varchar(255) DEFAULT NULL,
  `address` varchar(255) DEFAULT NULL,
  `qualification` varchar(255) DEFAULT NULL,
  `country` varchar(500) NOT NULL,
  `city` varchar(500) NOT NULL,
  `country_code` varchar(100) NOT NULL,
  `course` varchar(100) NOT NULL,
  `batch` varchar(100) NOT NULL,
  `image` varchar(255) DEFAULT NULL,
  `admission_date` varchar(255) DEFAULT NULL,
  `left_date` varchar(100) NOT NULL
) ENGINE=InnoDB DEFAULT CHARSET=utf8mb4 COLLATE=utf8mb4_general_ci;

--
-- Dumping data for table `left_student`
--

INSERT INTO `left_student` (`sno`, `student_name`, `email`, `father_name`, `father_email`, `home_contact`, `date_of_birth`, `student_contact`, `emergency_contact`, `gender`, `address`, `qualification`, `country`, `city`, `country_code`, `course`, `batch`, `image`, `admission_date`, `left_date`) VALUES
(2, 'Muhammad Aweem Memon', 'mohammedaweem2@gmail.com', 'Ghulam Muhammad Memon', 'amcodgamer@gmail.com', '03332975799', '2005-12-11', '03360806469', '03360806469', 'Male', 'HouseNoA58GospelHomesSocietyBehindOldSonhariBooklandNaseemNagarQ', 'Enter (12th)', '', '', '', '0', '19', 'IMG-20230907-WA0006.jpg', '27-09-23', '26-10-2023'),
(3, 'Urooj Fatima', 'uroojfatimak1@gmail.com', 'Raees Khan', 'uroojfatimak1@gmail.com', '03153856073', '2003-02-04', '03181332278', '03153856073', 'Female', 'Gulam bilal masjeed house no 882 hyd', 'Enter (12th)', '', '', '', '0', '10', '02.10.2023_15.34.06_REC.png', '02-10-23', '01-11-2023'),
(4, 'Zeeshan Gul', 'zk3821701@gmail.com', 'Muhammad Gul', 'zk3821701@gmail.com', '03330451197', '2000-03-04', '03131397372', '03330451197', 'Male', 'Baldia colony  Near center jail HYD', 'Graduation (14 years)', '1', 'Hyderabad', '+92', '1', '10', 'WhatsApp Image 2023-09-04 at 5.11.05 PM.jpeg', '04-09-2023', '01-11-2023'),
(5, 'Munam Hyder', 'munamhyder2@gmail.com', 'M. Saleh Jaffery', 'munamhyder2@gmail.com', '03323989209', '2005-08-11', '03323940436', '03323989209', 'Male', 'Unit #8  latifabad HYD', 'Enter (12th)', '1', 'Hyderabad', '+92', '1', '10', '1693828598557.JPEG', '04-09-2023', '01-11-2023'),
(6, 'Maryam Ishrat ', 'mariamhussain400@gmail.com', 'Ishrat Hussain', 'mariamhussain400@gmail.com', '03332753727', '1996-02-04', '03163227627', '03310341828', 'Female', 'H #475 Block C Unit 10 LED HYD', 'Graduation (14 years)', '1', 'Hyderabad', '+92', '1', '10', '1693827059685.JPEG', '04-09-2023', '01-11-2023'),
(7, 'Ahmed Mustafa', 'ofschoolsgames@gmail.com', 'Nasrullah Baloch', 'ofschoolsgames@gmail.com', '03332647312', '2006-12-24', '03342745625', '03342745625', 'Male', 'Near Blue Bird High School Kotri', 'Matric (10th)', '', '', '', '0', '22', 'IMG_0284.jpg', '14-09-23', '11-11-2023'),
(8, 'Javeriya', 'jawariyaashfaq1996@gmail.com', 'Ashfaque Ahmed', 'rashmaashfaque1973@gmail.com', '03163228665', '1996-03-21', '03160300134', '03163228665', 'Female', 'H # 252 b c2 unit # 8  Latifabad HYD ', 'Graduation (14 years)', '1', 'Hyderabad', '+92', '1', '2', 'WhatsApp Image 2023-09-02 at 2.47.04 PM.jpeg', '02-09-2023', '18-11-2023'),
(9, 'Sadia', 'reshmaashfaq1973@gmail.com', 'Ashfaque Ahmed', 'jawariyaashfaque1996@gmail.com', '03163228665', '1999-08-16', '03142726700', '03163228665', 'Female', 'H 252 BC2 Unit #8 LTD HYD', 'Graduation (14 years)', '1', 'Hyderabad', '+92', '1', '2', 'WhatsApp Image 2023-09-02 at 4.52.23 PM.jpeg', '02-09-2023', '18-11-2023'),
(10, 'Ibad  Hussain Khan', 'ibadk7616@gmail.com', 'Arshad Husain', 'ammarkhan.ak998@gmail.com', '03113897490', '2004-02-11', '03033370224', '03113897490', 'Male', 'shedi mohalla kotri sindh', 'Enter (12th)', '1', 'Hyderabad', '+92', '5', '1', 'WhatsApp Image 2023-09-02 at 6.00.16 PM.jpeg', '02-09-2023', '18-11-2023'),
(11, 'Alquma', 'miraalshaikh644@gmail.com', 'Mateen', 'miraalshaikh644@gmail.com', '03332641787', '2000-12-25', '03323174094', '03332641787', 'Female', 'H #140 block B/F  LTD    HYD', 'Graduation (14 years)', '1', 'Hyderabad', '+92', '1', '2', '1693822823409.JPEG', '04-09-2023', '18-11-2023'),
(12, 'M. Ameen ', 'lakhoameen354@gmail.com', 'Liaquat Ali', 'lakhoameen354@gmail.com', '03023217897', '1999-09-23', '03033418920', '03032839249', 'Male', 'unit #2 Auto bhan road LED HYD', 'Enter (12th)', '1', 'Hyderabad', '+92', '1', '2', '1693822823109.JPEG', '04-09-2023', '18-11-2023'),
(13, 'Syed Baqar', 'm.baqarbm4002588@gmail.com', 'Syed Ali Raza', 'm.baqarbm4002588@gmail.com', '03453553816', '2006-12-01', '03343868733', '', 'Male', 'H # 365 B ( B) Unit # 8 LED HYD', 'Metric (10th)', '1', 'Hyderabad', '+92', '1', '2', '1693822823008.JPEG', '05-09-2023', '18-11-2023'),
(14, 'Hasnnain Abbasi', 'hasnainabbasi@7788.com', 'M.Naeem', 'hasnainabbasi@7788.com', '0332719417', '1999-03-06', '03403056046', '0332719417', 'Male', 'H #663 Unit #2 LED HYD', 'Graduation (14 years)', '1', 'Hyderabad', '+92', '1', '2', '1693822823198.JPEG', '05-09-2023', '18-11-2023'),
(15, 'Muhammad Nadir', 'sahebnadir@gmail.com', 'Eid muhammad', 'nadirman123@yahoo.com', '03083684437', '2023-09-09', '03213073168', '03083684437', 'Male', 'Sarfaraz colony Streett no 5 house no 205', 'Graduation (14 years)', '', '', '', '0', '8', 'B612_20230424_230913_925.jpg', '14-09-23', '18-11-2023'),
(16, 'Farwa Abbasi', 'farwaabbasi132@gmail.com', 'Aftab Ahmed Abbasi', 'farwaabbasi95@gmail.com', '03103038126', '2003-12-20', '03143076266', '03103038126', 'Female', 'Flat no. E10 hesco Wapda power wing colony kotri road Hussainabad Hyderabad sindh', 'Enter (12th)', '', '', '', '0', '32', 'InShot_20230130_194553071.jpg', '03-10-23', '18-11-2023'),
(17, 'Muhammad Hashim', 'risk4mm@gmail.com', 'Ghullam Hyder', 'risk4mm@gmail.com', '03342216649', '1996-02-07', '03063406043', '03063406043', 'Male', 'Marvi Garden Qasimabad hyderabad .', 'Graduation (14 years)', '', '', '', '0', '22', 'FB_IMG_1694703891628.jpg', '14-09-23', '18-11-2023'),
(18, 'Saad Ahmed', 'sidokey0@gmail.com', 'Naseem Ahmed', 'saadanxariii@gmail.com', '3413520355', '2023-03-02', '3183037363', '03202069921', 'Male', 'House No 25, Amani shah colony, unit no 11, Latifabad, Hyderabad', 'Graduation (14 years)', '', '', '', '0', '20', '20230424_124008.jpg', '14-09-23', '18-11-2023'),
(19, 'Aisha', 'aishafarooq440@gmail.com', 'Mohammad Farooq', 'aishafarooq440@gmail.com', '3213005254', '2001-02-02', '3060233830', '3060233830', 'Female', 'House no 162/1 unit no 6 Block E latifabad Hyderabad', 'Graduation (14 years)', '', '', '', '0', '9', '66a71bcb-22ea-4b3b-b38e-be01bd7696c2.jpg', '21-09-23', '22-11-2023'),
(20, 'Umaima', 'umaimafarooq432@gmail.com', 'M Farooqu', 'umaimafarooq432@gmail.com', '03213005254', '16-04-2005', '03253608002', '03213005254', 'male', 'H 162/1 Block E Unit no #6 LET HYD', 'Enter (12th)', '1', '2', '+92', '0', '9', '7306f1bd-f467-4b01-b0a7-896788f33ea8.jpg', '22-09-23', '22-11-2023'),
(21, 'Iman Fatima', 'if34656789@gmail.com', 'Muhammad Farooq', 'if34756789@gmail.com', '323005254', '2000-01-28', '30488329333', '3048832933', 'Female', 'House no 162/1 Block E unit no 6 Latifabad Hyderabad', 'Graduation (16 years)', '', '', '', '0', '9', '1695376283634.jpg', '22-09-23', '22-11-2023'),
(22, 'Shahrukh Hussain', 'shahrukhhussain649@gmail.com', 'Aijaz Hussain', 'shahrukhhussain649@gmail.com', '3333360159', '24-02-1998', '3058431799', '3058431779', 'male', 'Opposite Al-Rehmat Arcade 2nd floor GMB Qasimabad Hyderabad', 'Graduation (16 years)', '1', '2', '+92', '0', '20', 'WhatsApp Image 2023-09-25 at 15.26.47.jpg', '14-09-23', '23-11-2023'),
(23, 'Washma', 'shahzad99u@gmail.com', 'Muhammad sohail', 'sohaildpsohaildp@gmail.com', '03150191021', '2023-09-20', '03194996341', '03150191021', 'Female', 'Affanditowntandoyousufroadhyderabad', 'Enter (12th)', '', '', '', '0', '28', 'IMG_20230920_193751.jpg', '21-09-23', '23-11-2023'),
(25, 'Zohaib imtiaz', 'zohaibimtiaz240@gmail.com', 'Imtiaz ahmed', 'imtiazahmed73212@gmail.com', '3008373212', '2005-12-07', '3062806434', '3008373212', 'Male', 'Al-hamd center flat no B-14 unit no 6 Latifabad Hyderabad', 'Enter (12th)', '', '', '', '0', '30', 'CamScanner 07-02-2023 22.52.jpg', '03-10-23', '28-11-2023'),
(26, 'Osama', 'chacharosama244@gmail.com', 'Abdul hameed', 'utradi555@gmail.com', '03362615015', '1999-04-17', '03083550149', '03183667532', 'Male', 'Hno:C/63-1 HYD town phase 2 qasimabad hyderabad', 'Graduation (16 years)', '', '', '', '0', '30', 'IMG_20230510_183432_224.jpg', '04-10-23', '28-11-2023'),
(27, 'Saira bano', 'sairaabbasi034@gmail.com', 'Fida hussain', 'fidahussainkalhoro298@gmail.com', '03473920008', '2001-03-01', '03488304671', '03488304671', 'Female', 'Latifabadunit03', 'Enter (12th)', '', '', '', '0', '9', 'pic.jpg', '20-09-23', '05-01-2024'),
(29, 'Mohammad Junaid Raza', 'junaidcodex@gmail.com', 'Mohammad Matloob', 'jq525673@gmail.com', '03278418760', '2004-12-27', '03128400968', '03278418760', 'Male', 'Noorjahan Plaza near Hayat Masjid Kahi road hyd', 'Enter (12th)', '', '', '', '4', '20', 'CamScanner 07-30-2023 20.44_1.jpg', '05-10-23', '06-01-2024'),
(30, 'Muhammad Awais', 'mohammadawaismeo7@gmail.com', 'Muhammad Sharif', 'Sharifmeo7@gmail.com', '3403532622', '2001-01-16', '3163748154', '03163748154', 'Male', 'A-49 site area indus hill custom house hyderabad', 'Graduation (14 years)', '', '', '', '4', '20', '364801421_1338265913785109_6958445183874850409_n.jpg', '05-10-23', '06-01-2024'),
(31, 'Abdul Wahab', 'wahabkhatri1@gmail.com', 'Ghazanfar Ali', 'wahabkhatri1@gmail.com', '3103805064', '2004-02-01', '3103805064', '3103805064', 'Male', 'HNO 14 BLOCK B MOHALLAH AUTO BHAN ROAD BARKAT BHAI TOWN LATIFABAD', 'Enter (12th)', '1', '2', '+92', '2', '34', '1.jpg', '08-01-24', '08-01-2024'),
(32, 'ASHAL Ali', 'abj20309@gmail.com', 'Muhammad raees shaikh', 'abj20309@gmail.com', '03101285752', '2004-02-11', '03433619342', '03133856335', 'Male', 'Nooorani basti house no:52', 'Enter (12th)', '1', '2', '+92', '20', '34', 'Screenshot_20230225_140621.jpg', '08-01-24', '08-01-2024'),
(33, 'Arshad Nasir', 'qureshiarshad947@gmail.com', 'Nasir Qureshi', 'nasirqureshi450@gmail.com', '03453602714', '2004-11-03', '03412985685', '03142605167', 'Male', 'latifabad unit no 7 house no 188', 'Enter (12th)', '', '', '', '0', '20', 'ee12ef18-fe84-4d61-b523-636f9aaad834.jpg', '05-10-23', '09-01-2024'),
(34, 'Ghulam Mustafa', 'gm111memon@gmail.com', 'Allah Bachayo', 'memonu193@gmail.com', '3332802454', '2004-05-11', '3332858611', '3332802454', 'Male', 'b-722 khuwaja mohallah Tando Muhammad Khan', 'Enter (12th)', '1', '2', '+92', '0', '9', 'Capture6.PNG', '22-11-23', '09-01-2024'),
(35, 'Yusra Arain', 'yusraarain0786@gmail.com', 'Israrulhaq Arain', 'faizq3988@gmail.com', '03310204701', '2003-02-21', '03093092105', '03163637138', 'Female', 'Hala naka khursheed town Hyderabad', 'Enter (12th)', '1', '2', '+92', '1', '23', 'IMG-20231023-WA0039.jpg', '30-10-23', '09-01-2024'),
(36, 'Syed Waqar', 'syedwaqarahmed56@gmail.com', 'Syed Nadeem', 'syedwaqarahmed56@gmail.com', '03199305560', '2000-03-10', '03313986105', '03313986105', 'Male', 'Unit no 7 block c house no 128 Latifabad Hyderabad', 'Graduation (14 years)', '', '', '', '0', '30', '3A72780B-4C3A-4046-A237-F90E8286631B.jpeg', '23-09-23', '11-01-2024'),
(37, 'Anamta Naz', 'nailanaz578@gmail.com', 'Muhammad Ramzan', 'anamtanaz09@gmail.com', '0368114870', '2004-02-14', '03196753930', '03368114870', 'Female', 'House#4, B/5 Bismillah City Extension unit # 10 latifabad Hyderabad', 'Enter (12th)', '1', '2', '+92', '2', '31', 'IMG_20231004_222514.jpg', '12-10-23', '15-01-2024'),
(38, 'Shamas Khan', 'sktanoli420@gmail.com', 'M imran', 'sktanoli420@gmail.com', '03000384786', '2003-02-12', '03103874420', '3103874420', 'Male', 'Unit 6 latifabad', 'Enter (12th)', '', '', '', '0', '16', 'Picsart_23-06-11_13-14-00-442.jpg', '25-09-23', '15-01-2024'),
(39, 'Muqeet Ahmed', 'muqeetahmedbhutta479@gmail.com', 'Shafique Ahmed', 'bhuttasahab582@gmail.com', '03003243330', '2005-07-16', '03013648802', '03013648802', 'Male', 'house no.146/D near allah ma iqbal school latifabad unit no 2 hyderabad', 'Enter (12th)', '', '', '', '0', '5', 'WhatsApp Image 2023-09-23 at 8.28.14 AM.jpeg', '23-09-23', '15-01-2024'),
(40, 'Muhammad Zubair Arain', 'Muhammadzubairarain2001115@gmail.com', 'Muhammad Ayoob Arain', 'hasnainarain4800@gmail.com', '3003491130', '2001-01-15', '3133976003', '3111491130', 'Male', 'Quidabad Phuleli hyderabad', 'Graduation (16 years)', '1', '2', '+92', '8', '17', 'Screenshot_20231007-224230.jpg', '12-10-23', '15-01-2024'),
(41, 'Usamasherwani', 'usamakhansherwani111@gmail.com', 'Musrafeen sherwani', 'duakhansherwani111@gmail.com', '03123821736', '2023-10-10', '03135866782', '03135866782', 'Male', 'Latifabad Hyderabad unit 10', 'Enter (12th)', '1', '2', '+92', '7', '8', 'IMG_20230106_173136_736-removebg-preview.png', '12-10-23', '15-01-2024'),
(42, 'PIXXEL', 'pixxel.house2004@gmail.com', 'house', 'pixxel.house2004@gmail.com', '12345543216', '3450-02-03', '12345543216', '12345543216', 'Male', 'AASDFGHJKCVBNM,Y7U89', 'Enter (12th)', '1', 'Hyderabad', '+92', '14', '34', 'WhatsApp Image 2023-07-10 at 9.41.46 PM (1).jpeg', '06-10-2023', '15-01-2024'),
(43, 'zubair sir', 'pixxel.staff@gmail.com', 'zubair sir', 'pixxel.staff@gmail.com', '09876543212', '2009-05-04', '09876543212', '03113897490', 'Male', 'nbvhgfryyddagasdsjfjjFH', 'Enter (12th)', '1', 'Hyderabad', '+92', '5', '34', '06.10.2023_17.03.59_REC.png', '06-10-2023', '15-01-2024'),
(44, 'ibad', 'ibadk7616@gmail.com', 'ahsan', 'qr@gmail.com', '03133099331', '2002-02-01', '03133099331', '03133099331', 'Male', 'gulshane-farid illahi phase 2 hyderabad,sindh,pakistan', 'Enter (12th)', '1', '2', '+92', '13', '34', 'talentpetro analysis.jpg', '23-11-23', '15-01-2024'),
(45, 'M Jamshaid', 'jamshaidrajput1133@gmail.com', 'M Javed', 'jamshaidjaved79@gmail.com', '03133125781', '2005-02-08', '03332761930', '03003013186', 'Male', 'unit no 8 latifabad hyd', 'Enter (12th)', '', '', '', '7', '8', 'WhatsApp Image 2023-07-11 at 6.43.02 PM.jpeg', '07-10-23', '15-01-2024'),
(46, 'mkshah', 'ouriph.staff@gmail.com', 'shah', 'ouriph.staff@gmail.com', '09876543210', '2009-09-23', '03124356765', '03001119124', 'Male', 'asdfghjkllvbnm', 'Enter (12th)', '1', 'Hyderabad', '+92', '11', '34', 'IPH-Post-Design.jpg', '06-10-2023', '15-01-2024'),
(47, 'Sadaf Sana', 'izaan.aira@gmail.com', 'Abdul Gahni', 'naveedwillgetu@gmail.com', '03433564128', '1983-03-19', '03330205532', '03433564128', 'Female', 'H no 361 block C unit 10 latifabad HYD', 'Graduation (16 years)', '1', '2', '+92', '9', '25', 'WhatsApp Image 2023-05-09 at 3.16.51 PM.jpeg', '11-11-23', '15-01-2024'),
(48, 'john', 'joincene7@gmail.com', 'kon', 'incredibleinfo333@gmail.com', '03173889332', '2023-11-15', '03216798754', '03216798754', 'Male', 'gulshane-farid illahi phase 2 hyderabad,sindh,pakistan', 'Graduation (14 years)', '1', '5', '+92', '12', '34', 'DreamShaper_v7_4k_image_of_essential_components_of_paragraph_0 (1).jpg', '25-11-23', '15-01-2024'),
(49, 'Muhammad Huzaifa', 'shaikhmuhammadhuzaifa21@gmail.com', 'Abdul Mubeen', 'shaikhmuhammadhuzaifa21@gmail.com', '03130463065', '2004-02-09', '03130463065', '03130463065', 'Male', 'house no 239 block b ayoub colony unit #11 latifabad hydeabad', 'Enter (12th)', '', '', '', '0', '18', 'WhatsApp Image 2023-09-20 at 22.29.38.jpeg', '21-09-23', '29-01-2024');

-- --------------------------------------------------------

--
-- Table structure for table `links`
--

CREATE TABLE `links` (
  `sno` int(11) NOT NULL,
  `link_name` varchar(255) DEFAULT NULL,
  `on` varchar(255) DEFAULT NULL
) ENGINE=InnoDB DEFAULT CHARSET=utf8mb4 COLLATE=utf8mb4_general_ci;

--
-- Dumping data for table `links`
--

INSERT INTO `links` (`sno`, `link_name`, `on`) VALUES
(1, 'test_link', '0'),
(1, 'test_link', '0');

-- --------------------------------------------------------

--
-- Table structure for table `main_admin`
--

CREATE TABLE `main_admin` (
  `sno` int(11) NOT NULL,
  `user_name` varchar(255) NOT NULL,
  `email` varchar(255) NOT NULL,
  `password` varchar(255) NOT NULL,
  `image` varchar(500) NOT NULL
) ENGINE=InnoDB DEFAULT CHARSET=utf8mb4 COLLATE=utf8mb4_general_ci;

--
-- Dumping data for table `main_admin`
--

INSERT INTO `main_admin` (`sno`, `user_name`, `email`, `password`, `image`) VALUES
(1, 'main_admin', 'pixxel@pixxel.com', '$2a$04$zDWxuW5aUAADWB7ySAaU.eOBAnOI13B5/M6hP.ViGmNQs8NJk.8Hi', 'images/fevicon.png'),
(2, 'sub_admin', 'subadmin@pixxel.com', '$2a$04$KO398N0O1mFC62AyHS7TYOi81GE38kGEYvrtCTR77NP7QBnTkRUT6', 'images/fevicon.png'),
(3, 'finance_admin', 'financemanager@pixxelhouse.com', '$2y$10$JOeL.km1yqMOSHuZR1fChuuCJwZZZEM0F6JVMjDzS8FZQO4KCkx16', 'images/fevicon.png');

-- --------------------------------------------------------

--
-- Table structure for table `notification`
--

CREATE TABLE `notification` (
  `Id` int(11) NOT NULL,
  `notification_provider` varchar(255) NOT NULL,
  `notification_provider_id` varchar(1000) NOT NULL,
  `notification_reader` mediumtext NOT NULL,
  `notification_title` varchar(1000) NOT NULL,
  `notification_des` longtext NOT NULL,
  `notification_date` varchar(255) NOT NULL,
  `notification_time` varchar(255) NOT NULL
) ENGINE=InnoDB DEFAULT CHARSET=utf8mb4 COLLATE=utf8mb4_general_ci;

--
-- Dumping data for table `notification`
--

INSERT INTO `notification` (`Id`, `notification_provider`, `notification_provider_id`, `notification_reader`, `notification_title`, `notification_des`, `notification_date`, `notification_time`) VALUES
(2, 'student', '120', '0', 'Happy Birthday', 'We wish you a very happy birthday. May ALLAH bless you with happiness and you success', '11-1-24', '11:21 am'),
(3, 'student', '50', '0', 'Happy Birthday', 'We wish you a very happy birthday. May ALLAH bless you with happiness and you success', '14-1-24', '13:00 pm'),
(4, 'student', '115', '0', 'Happy Birthday', 'We wish you a very happy birthday. May ALLAH bless you with happiness and you success', '15-1-24', '09:52 am'),
(5, 'student', '150', '0', 'Happy Birthday', 'We wish you a very happy birthday. May ALLAH bless you with happiness and you success', '19-1-24', '13:22 pm'),
(6, 'student', '60', '0', 'Happy Birthday', 'We wish you a very happy birthday. May ALLAH bless you with happiness and you success', '20-1-24', '07:03 am'),
(7, 'student', '55,79', '0', 'Happy Birthday', 'We wish you a very happy birthday. May ALLAH bless you with happiness and you success', '24-1-24', '08:23 am'),
(8, 'student', '60,82', '0', 'Happy Birthday', 'We wish you a very happy birthday. May ALLAH bless you with happiness and you success', '26-1-24', '13:20 pm'),
(9, 'student', '16', '0', 'Happy Birthday', 'We wish you a very happy birthday. May ALLAH bless you with happiness and you success', '27-2-24', '11:48 am');

-- --------------------------------------------------------

--
-- Table structure for table `old_batch_data`
--

CREATE TABLE `old_batch_data` (
  `sno` int(11) NOT NULL,
  `old_teacher_id` int(11) DEFAULT NULL,
  `batch_id` int(11) NOT NULL,
  `date_to` varchar(255) DEFAULT NULL,
  `date_from` varchar(255) DEFAULT NULL
) ENGINE=InnoDB DEFAULT CHARSET=utf8mb4 COLLATE=utf8mb4_general_ci;

--
-- Dumping data for table `old_batch_data`
--

INSERT INTO `old_batch_data` (`sno`, `old_teacher_id`, `batch_id`, `date_to`, `date_from`) VALUES
(1, 0, 33, '2023-10-03', '22-11-2023'),
(2, 0, 24, '14-09-2023', '22-11-2023'),
(3, 0, 23, '11-10-2023', '22-11-2023'),
(4, 3, 23, '22-11-2023', '27-01-2024'),
(5, 0, 5, '18-07-2023', '27-01-2024'),
(6, 0, 3, '18-07-2023', '27-01-2024'),
(7, 0, 4, '05-08-2023', '27-01-2024');

-- --------------------------------------------------------

--
-- Table structure for table `panelty`
--

CREATE TABLE `panelty` (
  `Id` int(11) NOT NULL,
  `panelty` varchar(255) NOT NULL
) ENGINE=InnoDB DEFAULT CHARSET=utf8mb4 COLLATE=utf8mb4_general_ci;

--
-- Dumping data for table `panelty`
--

INSERT INTO `panelty` (`Id`, `panelty`) VALUES
(1, '200');

-- --------------------------------------------------------

--
-- Table structure for table `pending_students`
--

CREATE TABLE `pending_students` (
  `sno` int(11) NOT NULL,
  `student_name` varchar(255) DEFAULT NULL,
  `email` varchar(500) NOT NULL,
  `father_name` varchar(255) DEFAULT NULL,
  `father_email` varchar(500) NOT NULL,
  `home_contact` varchar(255) DEFAULT NULL,
  `date_of_birth` varchar(255) DEFAULT NULL,
  `student_contact` varchar(255) DEFAULT NULL,
  `emergency_contact` varchar(255) DEFAULT NULL,
  `gender` varchar(255) DEFAULT NULL,
  `address` varchar(255) DEFAULT NULL,
  `qualification` varchar(255) DEFAULT NULL,
  `country` varchar(255) NOT NULL,
  `city` varchar(255) NOT NULL,
  `country_code` varchar(255) NOT NULL,
  `course` int(11) DEFAULT NULL,
  `days` varchar(50) DEFAULT NULL,
  `time` varchar(50) DEFAULT NULL,
  `image` varchar(255) DEFAULT NULL,
  `date` varchar(255) DEFAULT NULL
) ENGINE=InnoDB DEFAULT CHARSET=utf8mb4 COLLATE=utf8mb4_general_ci;

--
-- Dumping data for table `pending_students`
--

INSERT INTO `pending_students` (`sno`, `student_name`, `email`, `father_name`, `father_email`, `home_contact`, `date_of_birth`, `student_contact`, `emergency_contact`, `gender`, `address`, `qualification`, `country`, `city`, `country_code`, `course`, `days`, `time`, `image`, `date`) VALUES
(132, 'M Bilal', 'billo2535660@gmail.com', 'M Afzaal Khan', 'khansahabalisher@gmail.com', '03173520274', '2003-02-08', '03194742125', '03101418690', 'Male', 'house no 268 eidghah colony unit no 08 latifabad hyderabad', 'Matric (10th)', '1', '2', '+92', 1, 'MWF', '5 to 6pm', 'WhatsApp Image 2023-11-14 at 4.43.38 PM.jpeg', '14 November 2023'),
(146, 'Saad khan', 'saad92943@gmail.com', 'Abdul Majeed Khan', 'hk7131582@gmail.com', '3359869902', '2001-10-18', '3133924785', '3359869902', 'Male', 'Bhai khan chari sehwani lane hyderabad', 'Enter (12th)', '1', '2', '+92', 1, 'MWF', '7 to 8pm', 'inbound5646699480860854403.jpg', '15 January 2024'),
(155, 'Hassan Mustafa Baig', 'mustafahassan8437@gmail.com', 'Javed Baig', 'mustafahassan8437@gmail.com', '03104719053', '2002-10-29', '03483600484', '', 'Male', 'H:No E/26-179 Peshori Para Faqir Ka Pir Hyderabad Sindh', 'Enter (12th)', '1', '2', '+92', 14, 'TTS', '8 to 9pm', '101FE9B9-7F65-44EF-8414-C2EC60A94610.jpeg', '27 January 2024'),
(156, 'Alisher Balouch', 'alisherbaloch82@gmail.com', 'Muhammad shabbir', 'alisherbaloch82@gmail.com', '03173130100', '2004-02-20', '03173130100', '', 'Male', 'H:No E/26-176 Peshori Para Faqir Ka Pir Hyderabad Sindh', 'Enter (12th)', '1', '', '', 14, 'TTS', '8 to 9pm', '4EA462CF-9B53-4A1E-AD4D-C3149EDC48E8.jpeg', '27 January 2024');

-- --------------------------------------------------------

--
-- Table structure for table `query`
--

CREATE TABLE `query` (
  `sno` int(11) NOT NULL,
  `name` varchar(255) NOT NULL,
  `email` varchar(255) NOT NULL,
  `batch` int(11) NOT NULL,
  `subject` varchar(1000) NOT NULL,
  `msg` longtext NOT NULL,
  `message_status` varchar(100) NOT NULL
) ENGINE=InnoDB DEFAULT CHARSET=utf8mb4 COLLATE=utf8mb4_general_ci;

--
-- Dumping data for table `query`
--

INSERT INTO `query` (`sno`, `name`, `email`, `batch`, `subject`, `msg`, `message_status`) VALUES
(1, 'asad rehmanqureshi', 'mughal@gmail.com', 1, 'asjdjdgs', 'dagafgdadfasgfdasgfagfgas', 'Admin'),
(2, 'Arsalan', 'arsalanali667722@gmail.com', 10, 'helo', 'hello how are you', '7'),
(3, 'dell', 'dell@gmail.com', 31, 'no thing is subject ', 'hi kashif bhai big fan sir', 'Admin'),
(4, 'Testing student', 'dell@gmail.com', 31, 'Hrllo', 'Ysgsggsg', '4'),
(5, 'Muhammad Ashar Ansari', 'asharansari893@gmail.com', 18, 'Sign up code is not running', 'Sir,\r\n        sign up krne k liye jo code hy wo hum sign up waley page pr hi likhenge ya sign in waley page pr?bcz  mera code sign up waley page pr kam nhi kr rha jb k wohi same code sign in waley pr page pr sign up ka kam kr rha!\r\n\r\n', '4');

-- --------------------------------------------------------

--
-- Table structure for table `questions`
--

CREATE TABLE `questions` (
  `sno` int(11) NOT NULL,
  `question` longtext DEFAULT NULL,
  `option_a` varchar(500) DEFAULT NULL,
  `option_b` varchar(500) NOT NULL,
  `option_c` varchar(500) NOT NULL,
  `option_d` varchar(500) NOT NULL,
  `correct_answer` varchar(500) DEFAULT NULL,
  `topic` varchar(500) DEFAULT NULL
) ENGINE=InnoDB DEFAULT CHARSET=utf8mb4 COLLATE=utf8mb4_general_ci;

--
-- Dumping data for table `questions`
--

INSERT INTO `questions` (`sno`, `question`, `option_a`, `option_b`, `option_c`, `option_d`, `correct_answer`, `topic`) VALUES
(1, 'What does HTML stand for?', 'Hyper Text Markup Language', 'Hyperlinks and Text Markup Language', 'Home Tool Markup Language', 'Hyper Transfer Markup Language', 'Hyper Text Markup Language', '1'),
(2, 'What is the purpose of the HTML <head> element?', 'It defines a hyperlink.', 'It defines the main content of the HTML document.', 'It defines the header section of a document and contains metadata about the document.', 'It defines a section in the document.', 'It defines the header section of a document and contains metadata about the document.', '1'),
(3, 'Which HTML tag is used to define an unordered list?', '<ol>', '<ul>', '<li>', '<list>', '<ul>', '1'),
(4, 'What does the HTML <br> tag represent?', 'Bullet point', 'Bold text', 'Line break', 'Paragraph', 'Line break', '1'),
(5, 'Which attribute is used in HTML to specify the URL of another web page?', 'src', 'link', 'ref', 'href', 'href', '1'),
(6, 'What is the purpose of the HTML <footer> element?', 'It defines a section in the document.', 'It defines the main content of the HTML document.', 'It defines the footer section of a document.', 'It defines a hyperlink.', 'It defines the footer section of a document.', '1'),
(7, 'What does CSS stand for in web development?', 'Computer Style Sheets', 'Cascading Style Sheets', 'Creative Style Sheets', 'Colorful Style Sheets', 'Cascading Style Sheets', '1'),
(8, 'Which HTML tag is used to define a table row?', '<td>', '<tr>', '<th>', '<table>', '<tr>', '1'),
(9, 'What is the purpose of the HTML <div> element?', 'It defines a division or a section in an HTML document.', 'It defines a hyperlink.', 'It defines a line break.', 'It defines a table.', 'It defines a division or a section in an HTML document.', '1'),
(10, 'Which HTML tag is used to create a hyperlink?', '<link>', '<a>', '<href>', '<url>', '<a>', '1'),
(11, 'demo question', 'asdf', 'asdf', 'sdf', 'daf', 'asdf', '1');

-- --------------------------------------------------------

--
-- Table structure for table `rating`
--

CREATE TABLE `rating` (
  `id` int(11) NOT NULL,
  `name` varchar(255) NOT NULL,
  `email` varchar(255) NOT NULL,
  `teacher_name` varchar(255) NOT NULL,
  `date` varchar(255) NOT NULL,
  `review` varchar(255) NOT NULL,
  `rating` varchar(255) NOT NULL
) ENGINE=InnoDB DEFAULT CHARSET=utf8mb4 COLLATE=utf8mb4_general_ci;

--
-- Dumping data for table `rating`
--

INSERT INTO `rating` (`id`, `name`, `email`, `teacher_name`, `date`, `review`, `rating`) VALUES
(1, 'ahraz', 'ahrazsolanvi@gmail.com', '2', '14-09-2023', 'fdgdfgfdgdsgsgd', '1'),
(2, 'dasdas', 'in@gmail.com', '2', '03-10-2023', 'dad', '5'),
(3, 'Anas Ghori', 'm.anaskhanghori@gmail.com', '7', '18-01-2024', 'such a great personality aggressive and very coperative teacher and also great and very coperative all staff Members', '5'),
(4, 'Muhammad Asim', 'memonasimsaboor@gmail.com', '7', '20-01-2024', 'Just looking like a wow', '5');

-- --------------------------------------------------------

--
-- Table structure for table `students`
--

CREATE TABLE `students` (
  `sno` int(11) NOT NULL,
  `student_name` varchar(255) DEFAULT NULL,
  `father_name` varchar(255) DEFAULT NULL,
  `father_email` varchar(500) NOT NULL,
  `home_contact` varchar(255) DEFAULT NULL,
  `date_of_birth` varchar(255) DEFAULT NULL,
  `student_contact` varchar(255) DEFAULT NULL,
  `emergency_contact` varchar(255) DEFAULT NULL,
  `gender` varchar(255) DEFAULT NULL,
  `address` varchar(255) DEFAULT NULL,
  `qualification` varchar(255) DEFAULT NULL,
  `course` int(11) DEFAULT NULL,
  `batch` varchar(500) NOT NULL,
  `previous_batch` varchar(100) NOT NULL,
  `country` varchar(50) NOT NULL,
  `country_code` varchar(10) NOT NULL,
  `city` varchar(50) NOT NULL,
  `email` varchar(255) NOT NULL,
  `portal_email` varchar(500) NOT NULL,
  `fees` varchar(255) NOT NULL,
  `password` varchar(500) NOT NULL,
  `student_image` varchar(255) DEFAULT NULL,
  `test_password` varchar(100) NOT NULL,
  `date` varchar(255) DEFAULT NULL,
  `on/off` varchar(50) NOT NULL
) ENGINE=InnoDB DEFAULT CHARSET=utf8mb4 COLLATE=utf8mb4_general_ci;

--
-- Dumping data for table `students`
--

INSERT INTO `students` (`sno`, `student_name`, `father_name`, `father_email`, `home_contact`, `date_of_birth`, `student_contact`, `emergency_contact`, `gender`, `address`, `qualification`, `course`, `batch`, `previous_batch`, `country`, `country_code`, `city`, `email`, `portal_email`, `fees`, `password`, `student_image`, `test_password`, `date`, `on/off`) VALUES
(7, 'Alishba Quzi', 'Rafique Quzi', 'alishbaqazi57@gmail.com', '03085827974', '2005-07-30', '03342207991', '03001119124', 'Female', 'Kamesri Bagh Kotri ', 'Metric (10th)', 1, '10', '', '1', '+92', 'Hyderabad', 'alishbaqazi57@gmail.com', 'alishbaqazi57@gmail.com', '6000', '$2y$10$xlMqXtXtInxRyJQiBK4UuOZk2zj.64KXDupqBHWU8MMjUs9M7mUdG', '1693825729117.JPEG', '', '04-09-2023', ''),
(8, 'Umaira Shaikh', 'Altaf Hussain', 'umairashaikh77@gmail.com', '03003037969', '2007-11-12', '03003061343', '03331398454', 'Female', 'H # C3 Town gol masjid  Qasimabad HYD', 'Metric (10th)', 1, '10', '', '1', '+92', 'Hyderabad', 'umairashaikh77@gmail.com', 'umairashaikh77@gmail.com', '6000', '$2y$10$OsFLko7KWPS1cWiOTn.AIOOBwBkf54nX/7bAOGLDV94O/cxK.R60a', '1693825729017.JPEG', '', '04-09-2023', ''),
(12, 'Arsalan', 'Sadique', 'arsalanali667722@gmail.com', '03332759799', '15-03-2007', '03123248737', '03313640034', 'male', 'American Quater HYDs', 'Metric (10th)', 1, '10', '', '1', '+92', '2', 'arsalanali667722@gmail.com', 'arsalanali667722@gmail.com', '6000', '$2y$10$cKrxpcDhSywZpmbQQ/9eEuzIofcllI0ovTt74yMxyFC53FKQYgtZi', '1693832623270.JPEG', '', '04-09-2023', ''),
(15, 'Arsum Ali ', 'Aijaz Ali', 'arsumalishaikh@gmail.com', '03154709990', '2005-09-10', '03138607429', '03154709990', 'Male', 'Faqera Ka Pir HYD', 'Enter (12th)', 4, '3', '', '1', '+92', 'Hyderabad', 'arsumalishaikh@gmail.com', 'arsumalishaikh@gmail.com', '6000', '$2y$10$LeUAkrLK4trd5QjqLUD//uOoHJ89DToPcwcvmtt5wcusG9Nzw4/66', '1693822823711.JPEG', '', '05-09-2023', ''),
(16, 'Mauwiya', 'Aijaz Ali', 'shaikhmaan84@gmail.com', '03154709990', '2004-02-27', '03131332764', '03165056626', 'Male', 'Faqera Ka Pir HYD', 'Enter (12th)', 4, '3', '', '1', '+92', 'Hyderabad', 'shaikhmaan84@gmail.com', 'shaikhmaan84@gmail.com', '6000', '$2y$10$iC1CZbkWTZN7la2yKlYVNeR9NfvDmvKwrhFJjoZ/pFQ/rgA.kLOKC', '1693822823620.JPEG', '', '05-09-2023', ''),
(17, 'Ahsan Shaikh', 'Aqeel', 'ahsanshaikh123@gmail.com', '03132899112', '2004-03-29', '03153222642', '03123863086', 'Male', 'Cloth Market HYD', 'Enter (12th)', 4, '3', '', '1', '+92', 'Hyderabad', 'ahsanshaikh123@gmail.com', 'ahsanshaikh123@gmail.com', '6000', '$2y$10$YtJKUirKPoUHMZbbyxp6w.ntfaDEkN6itdHxmQLhsP.QFPTaclogS', '1693921553949.JPEG', '', '05-09-2023', ''),
(24, 'Hamza', 'Azeem', 'rubakhan983@gmail.com', '0314241146', '2023-09-11', '03113088913', '03113088913', 'Male', 'House.no.410. liaqat.Road.Kotri', 'Enter (12th)', 0, '4', '', '', '', '', 'hamzakhank74@gmail.com', 'hamzakhank74@gmail.com', '6000', '$2y$10$ZFP/jYjVMcl/3dijNc9.zegeccTD3BpwEoGuKCW.T90wnVWjrm85y', 'IMG-20210213-WA0043~2.jpg', '', '14-09-23', ''),
(26, 'Muhammad shehroz', 'Muhammad aamir', 'shahshehroz05@gmail.com', '03332618342', '2023-09-14', '03123521655', '03123521655', 'Male', 'House no 717 near iqra school darya road kotri', 'Enter (12th)', 0, '20', '', '', '', '', 'shahshehroz05@gmail.com', 'shahshehroz05@gmail.com', '6000', '$2y$10$Bnfz0x7ScrpF46inlEzFJeM4T/D7f/k1/twb4IrzIp7q83qpFaUyi', 'IMG_0978.jpg', '', '14-09-23', ''),
(28, 'Muhammad Anus Khan ghori', 'Muhammad Akhlaque Khan Ghouri', 'sarosh76haider@outlook.com', '03213951515', '2003-05-15', '03136663318', '03253180221', 'Male', 'house no &quot;158&quot; Block &quot;D&quot; Unit no &quot;6&quot; Latifabad Hyderabad', 'Enter (12th)', 0, '5', '', '', '', '', 'm.anaskhanghori@gmail.com', 'm.anaskhanghori@gmail.com', '6000', '$2y$10$ymSlSClXWe3bgo70lXMWMeCNmX9PjT7dMCePEjbZa2/QWFI9AEPmK', 'Capture.JPG', '', '16-09-23', ''),
(29, 'Saeed Ahmed', 'Nisar Ahmed', 'nickguyboy@gmail.com', '03132801282', '2023-09-16', '03072912416', '03132801282', 'Male', 'Unit#9tandomeerghulamhussainhouseno#32', 'Graduation (14 years)', 0, '8', '', '', '', '', 'nickguyboy@gmail.com', 'nickguyboy@gmail.com', '6000', '$2y$10$zr/SPjE1OOWYGpxMnU58..GC2SKrS1DB4UQLLkMSosYJRE867WMnW', 'IMG_20230916_165447_958.jpg', '', '16-09-23', ''),
(30, 'Aisha', 'Abdul Qayyum', 'as4818123@gmail.com', '03063054118', '1999-03-28', '03150323446', '03063054118', 'Female', 'House:117/C Block: D Unit:06 Latifabad Hyderabad', 'Enter (12th)', 0, '22', '', '', '', '', 'as4818123@gmail.com', 'as4818123@gmail.com', '6000', '$2y$10$h1D4CLUTKxFoUvW/wcgwx.j1RA0q3LjC96OPKjFLOSRGuPkEfuBm2', 'IMG_20230629_213925_414.jpg', '', '16-09-23', ''),
(31, 'BURHAAN ALI', 'ERUM ALI', 'burhaanali2010@gmail.com', '3320368934', '2010-06-12', '3320368934', '3320368934', 'Male', 'H.No 48 Hussain Villas Near Maryam garden', '8th Class', 0, '10', '', '', '', '', 'burhaanali2010@gmail.com', 'burhaanali2010@gmail.com', '6000', '$2y$10$eZzIURjB5crJe3QCvwxrO.KLsk19R8PDJhqJhnNAtLKX1nlrnsH9S', '_WhatsApp Image 2023-09-16 at 18.30.30 (3).jpg', '', '16-09-23', ''),
(32, 'Muhammad Ashar Ansari', 'Muhammad Riaz Ansari', 'idontknowhisemail@gmail.com', '3332629450', '2003-06-23', '3170382003', '3332629450', 'Male', 'House # 111/E unit #11, latifabad, Hyderabad.', 'Enter (12th)', 0, '18', '', '', '', '', 'asharansari893@gmail.com', 'asharansari893@gmail.com', '6000', '$2y$10$xkogfgVxVkapdF9LBLWHoOyefBTUSJdYMKUSLWsOcnpJjiwTHyShC', 'IMG_20230806_065009_972.jpg', '', '16-09-23', ''),
(33, 'Muskaan Sultan', 'Muhammad Sultan', 'deenasultan@yahoo.com', '03003022366', '2023-09-18', '3091555011', '03013559047', 'Female', 'Unit no 2/B block C latifabad Hyderabad', 'Enter (12th)', 0, '22', '', '', '', '', 'muskaansultan29@icloud.com', 'muskaansultan29@icloud.com', '6000', '$2y$10$WzsS5etNOfWRsnaS6Q1tO.esJwchOzzLaGHufNoKdOfJSryV/kA6O', 'IMG_8228.jpeg', '', '18-09-23', ''),
(34, 'Syeda laroosh ali', 'Syed imran ali', 'syedimranali14567@gmail.com', '03356135155', '2008-06-17', '03312209120', '03313509312', 'Female', 'House no 227 block c unit no 10 latifabad hyd', 'Matric (10th)', 0, '21', '', '', '', '', 'syedalarooshali@gmail.com', 'syedalarooshali@gmail.com', '6000', '$2y$10$dEMI7FM.LXFQJZaQYOFkyuL8aVN5JB4TEFKkHQgzTTMipUfBIAsma', 'Snapchat-1852008191.jpg', '', '20-09-23', ''),
(35, 'Muhammad Atif', 'Muhammad Rafique', 'abc@gmail.com', '03023013666', '2023-09-01', '03033065250', '03033065250', 'Male', 'Gul.shane.Hali Haliroad banglow D-41', 'Enter (12th)', 0, '5', '', '', '', '', 'atif_gakhar@yahoo.com', 'atif_gakhar@yahoo.com', '6000', '$2y$10$SyVEYkkkae.myBG/uyVQYeRVDa6kGNXjz04qBUUPHQBq4FmpEu2YK', '20230722_195558.jpg', '', '20-09-23', ''),
(36, 'Alishba', 'Muhammad iqbal ', 'iqbaldp19999@gmail.com', '03338222822', '11-08-2001', '03196687272', '03136955888', 'female', 'Benazirchowkallmustfadairytandoyousfroadhyderabad', 'Graduation (14 years)', 0, '28', '', '1', '+92', '2', 'wallahhabibi810@gmail.com', 'wallahhabibi810@gmail.com', '6000', '$2y$10$ctDcHvSSsPvAPEtlbG6c7.dw47M0VkjszQlgHQfegRAQbxkRC8IM.', 'Snapchat-1663307534.jpg', '', '20-09-23', ''),
(41, 'Ahmed Raza', 'M. Farooq', 'sameer9292@icloud.com', '03103300853', '2004-04-02', '03100330377', '03100330377', 'Male', 'H#28 Norani basti Hyderabad', 'Enter (12th)', 0, '24', '', '', '', '', 'ahmedrazarajput816@gmail.com', 'ahmedrazarajput816@gmail.com', '6000', '$2y$10$bivwlwsAEe77layLYxnv3uWW5ZjndtLzYIQepvW8Qr37FHXCu3Ykq', 'FBB4190F-E061-4C0D-84D8-8AE8C84B2D2F.jpeg', '', '21-09-23', ''),
(42, 'Nazish Qureshi', 'Khalil Hussain', 'soofty@outlook.com', '03068570143', '1993-08-14', '03093092056', '03068570143', 'Female', 'flat 431 floor 5th shiaias residency against diplai memon society sindh', 'Graduation (16 years)', 0, '24', '', '', '', '', 'soofty@outlook.com', 'soofty@outlook.com', '6000', '$2y$10$NtFGZzPmJz4jd6RRKzZxN.22gSis1i4xis8b73973GLAxVP2XCSTi', 'WhatsApp Image 2023-09-21 at 3.53.08 AM.jpg', '', '21-09-23', ''),
(43, 'M.Shayan', 'M.Arslan', '', '03223140775', '2010-11-10', '03240136397', '03223140775', 'Male', 'tilak chari hyderabad', '8th Class', 0, '28', '', '', '', '', 'memonarslan112233@gmail.com', 'memonarslan112233@gmail.com', '6000', '$2y$10$GwCQ.3MAjZWpIXbg/bE3TO6OFYoAcmAX4Cg2Vf7uhi8ruy74n.vwK', 'WIN_20230919_06_08_56_Pro (3).jpg', '', '21-09-23', ''),
(44, 'Tahira', 'Ameer Bux', 'ameerbuxchanna5566@gmail.com', '3413228204', '2008-03-05', '3413228204', '3163805932', 'Female', 'House # A-25, Opposite Park, Sindh University Colony, Jamshoro', 'Matric (10th)', 0, '21', '', '', '', '', 'tahirachanna31@gmail.com', 'tahirachanna31@gmail.com', '6000', '$2y$10$HWbbrbFqtPSNusso5miryud3S4pE15IP10.Bnb7HVQVFejmGU2he6', 'New Doc 09-21-2023 18.39.jpg', '', '21-09-23', ''),
(47, 'Haris memon', 'younus memon', 'memonyounus123@gmail.com', '3153047725', '2007-11-17', '3164998841', '3153047725', 'Male', 'Shahibazar', 'Matric (10th)', 0, '28', '', '', '', '', 'memonharisyt@gmail.com', 'memonharisyt@gmail.com', '6000', '$2y$10$C4NxKHh6u3BTbdCOPuoQhOJdDhuI5VyV1GloviXtnfLSYfZtFihXe', '16954138265567271794176408787936.jpg', '', '23-09-23', ''),
(48, 'mustafa bhatti', 'liaquat ali bhatti', 'liaquatbhatti36@gmail.com', '03123601413', '2023-09-22', '03183016625', '03183016622', 'Male', '109, block,B,daman-E-kohsar,latifabad,Hyderabad', 'Enter (12th)', 0, '28', '', '', '', '', 'bhattimustafa375@gmail.com', 'bhattimustafa375@gmail.com', '6000', '$2y$10$h/xbzdoPCsx5.IoLF7jDCeKJthBImHW5ipKRbv5xsvVVBTr5zkeDG', 'images (2).jpeg', '', '23-09-23', ''),
(49, 'Neha', 'Shafqat', 'kshafqat1978@gmail.com', '531558671', '2005-12-02', '572752302', '572752302', 'Female', 'house no91 barkat bhai town hyderabad sindh pakistan', 'Enter (12th)', 0, '3', '', '', '', '', '2021759neha@gmail.com', '2021759neha@gmail.com', '6000', '$2y$10$8rSciW9vX/V60tu9HDOvleNvqZ8N86mYpELZtl0GJlhlFj7X4/GQm', '379659682_1747149819063862_4993897803942025365_n.jpg', '', '23-09-23', ''),
(50, 'Rameen khan', 'Lubna Rashid', 'lubnarashid5566@gmail.com', '03243768014', '2006-01-14', '03361584306', '03243768014', 'Female', 'House4022phulalihyd', 'Enter (12th)', 0, '21', '', '', '', '', 'rameenk414@gmail.com', 'rameenk414@gmail.com', '6000', '$2y$10$GPUI8DKrq3BGGqcmWsP84u99ZgGWCpT7/od1BUaF80oFccj6FS56u', 'Snapchat-601800717.jpg', '', '23-09-23', ''),
(51, 'Shayan Hafeez', 'Abdul Hafeez', 'shayanhafeez0711@gmail.com', '3003038727', '2006-07-11', '3166277840', '3166277840', 'Male', 'Eid gah colony block c2 house no 238', 'Matric (10th)', 0, '5', '', '', '', '', 'shayanhafeez0711@gmail.com', 'shayanhafeez0711@gmail.com', '6000', '$2y$10$CQs2unozrvLN9uxS77/75OP/SydRJHw1Po/FndQkEMS2eQ1ias8aW', '202308300831228824975676156035188_avatar.jpg', '', '23-09-23', ''),
(54, 'Muhammad Fahees Shaikh', 'Muhammad Irshad Shaikh', 'irshadfahees@gmail.com', '3009373403', '2023-08-08', '3063273119', '3009373403', 'Male', 'House no 83 block B unit 9 latifabad Hyderabad', 'Enter (12th)', 0, '4', '', '', '', '', 'shaikhfahees25@gmail.com', 'shaikhfahees25@gmail.com', '6000', '$2y$10$DxiM2XHR3qTf8ZCR0aD2ke.pvGCvKOX3ZLLMwZEr3kuRcQLvWmecS', 'IMG_20220916_205047_174.jpg', '', '25-09-23', ''),
(55, 'Muhammad Areeb Ghouri', 'Muhammad Imran Ghouri', 'imranghouri505@gmail.com', '03153027399', '2005-01-24', '03177814597', '03153027399', 'Male', 'Latifabad unit no 10 house no 303', 'Enter (12th)', 0, '5', '', '', '', '', 'areebghouri45@gmail.com', 'areebghouri45@gmail.com', '6000', '$2y$10$XvAusongMluk.AURtkjXlOsiGZrX0BdCrnh4Pcq3ROhmlRNYKGIbm', 'IMG-20230923-WA0003.jpg', '', '25-09-23', ''),
(56, 'Aamir khan lakho', 'Muhammad soomer lakho', 'lakhoameen354@gamil.com', '03032839249', '2023-09-11', '03079446844', '03003037946', 'Male', 'Auto bhan road latifabad unit no 2', 'Enter (12th)', 0, '28', '', '', '', '', 'lakhoaamirkhan81@gmail.com', 'lakhoaamirkhan81@gmail.com', '6000', '$2y$10$5Igb2KklR6BVOxKOkSmIHOhkSBoC6Yx8CvQnANaU7oQuLz0RjFAEG', 'FB_IMG_1693785078739.jpg', '', '25-09-23', ''),
(58, 'Fasih U Din', 'Mohamed Ali', 'musatjab@gmail.com', '03110397001', '2000-05-04', '3113437286', '03110397001', 'Male', 'house no D51 Hyderabad town phase 1 Qaismabad', 'Enter (12th)', 0, '30', '', '', '', '', 'faseehbaloch7@gmail.com', 'faseehbaloch7@gmail.com', '6000', '$2y$10$AD16CHO0Vs6aZR581eOJP.ryMOXgIu5PzSzN2p1QeJxDdHlpQkBgS', 'My Document File_9.jpg', '', '26-09-23', ''),
(59, 'Abdul Razzaque', 'Aijaz Hussain Memon', 'memonhaji23@gmail.com', '03106342379', '2005-08-10', '3342793238', '3106342379', 'Male', 'Al rehman cottages and bungalows bypass Hyderabad Bungalow no:105', 'Enter (12th)', 0, '38', '', '', '', '', 'abdulrazzaque903@gmail.com', 'abdulrazzaque903@gmail.com', '6000', '$2y$10$1tYFtXZ0uYNGAw56YMGxVeEZNKrWl1QHHIautst9IBF/uaWkyl7RS', 'Snapchat-839118426.jpg', '', '26-09-23', ''),
(60, 'Ahmed Abid', 'Abid', 'muhammadahmedabid26@gmail.com', '3339739594', '2003-01-26', '3123049617', '3339739594', 'male', 'House#31blockD/3unit#11latifabad', 'Enter (12th)', 0, '18', '', '1', '+92', '2', 'muhammadahmedabid26@gmail.com', 'muhammadahmedabid26@gmail.com', '6000', '$2y$10$OnPTYmip8TLIVID.Yjv2o.R4RpE5upogO5.8LwfnEwnbbbFq4roHW', 'img-removebg-preview.png', '', '27-09-23', ''),
(61, 'Saad Ali', 'Nadeem Ahmed', 'saadrajput4100@gmail.com', '3003074818', '14-09-2006', '3361211293', '3003074818', 'male', 'Liquat colony', '12', 0, '18', '', '1', '+92', '2', 'saadsahab410@gmail.com', 'saadsahab410@gmail.com', '6000', '$2y$10$egz3BSknHYbv8E2xhsX3Te/hucEfl66xw.pBEjOFER3NfMHkpbxC6', 'InShot_20221231_000030919.jpg', '', '27-09-23', ''),
(63, 'Ayan memon', 'Rizwan memon', 'ayaanmemon359@gmail.com', '03153740090', '2007-07-07', '3332659425', '3332659425', 'Male', 'memonsocityqasmabadb56part2', 'Matric (10th)', 0, '19', '', '', '', '', 'ayaanmemon389@gmail.com', 'ayaanmemon389@gmail.com', '6000', '$2y$10$lHnPQ2VcGyomewRF1a/n3uuXqYOeiVP7m19oAnjUu6lpYIOnI1qm2', 'icon2.png', '', '27-09-23', ''),
(64, 'Syed Shawaiz Ali', 'Syed Imran Ali', 'sahabsyed820@gmail.com', '3112624886', '2004-08-04', '3478618390', '3478618390', 'Male', 'Hyderabad Latifabad Unit number 5', 'Enter (12th)', 0, '18', '', '', '', '', 'shawaizshahsyed@gmail.com', 'shawaizshahsyed@gmail.com', '6000', '$2y$10$b/QA7hbw.MWgIHjG4yfwsOA28jQCs.WimHNIwd8IR80gdSuysv.z6', 'IMG_1682847159752.jpg', '', '27-09-23', ''),
(65, 'Maryam naz', 'M.farooq shaikh', 'shaikhzaadim@gmail.com', '03180191238', '2007-08-15', '03171014307', '03023010040', 'Female', 'al waheed colony hali road hyd', 'Matric (10th)', 0, '30', '', '', '', '', 'shaikhzaadim@gmail.com', 'shaikhzaadim@gmail.com', '6000', '$2y$10$tPALv88Xq/bjr7omiqVk5u4LY.p9L3HDroOTH7pJdhPWJtYii0.EK', 'd8bb91a1-61fa-4c4f-9d43-2d1d9fbf9762.jpeg', '', '27-09-23', ''),
(66, 'Umair Ahmed', 'Muhammad Nadeem', 'umairahmedhashmi2977@gmail.com', '03272611316', '2004-06-16', '03168253576', '03272611316', 'Male', 'Muslim Town A Block Site Area Kotri Jamshoro', 'Enter (12th)', 0, '19', '', '', '', '', 'umairahmedhashmi2917@gmail.com', 'umairahmedhashmi2917@gmail.com', '6000', '$2y$10$tsMdd6yTo3hTMDSAHX9c4ee8Pm1XTHpf6/fou7HeqEyViDMOYUF8S', 'Snapchat-765644334.jpg', '', '27-09-23', ''),
(67, 'Syed Daniyal Ali', 'Syed Irshad Ali', 'syeddaniyalali6@gmail.com', '3223049685', '2005-09-09', '3153222982', '3153222982', 'Male', 'chotti_gitti_Hyderabad', 'Enter (12th)', 0, '19', '', '', '', '', 'syeddaniyalali6@gmail.com', 'syeddaniyalali6@gmail.com', '6000', '$2y$10$V9Aoo9Bcm/8L2njgeT.o5eva7Not1L0/KRYl88GCXekHe9F5Dlrfa', 'Screenshot_20230927-191859.png', '', '27-09-23', ''),
(68, 'Muhammad Abdullah Chundrigar', 'Muhammad Amjad', 'abdullahrajput200005@gmail.com', '03170011389', '2007-02-02', '03106590460', '03170011389', 'Male', 'Unit#7 Block:C House no:320D Ltf Hyd', 'Enter (12th)', 0, '19', '', '', '', '', 'abdullahrajput200005@gmail.com', 'abdullahrajput200005@gmail.com', '6000', '$2y$10$e.mjvzAQGTHAn02ht8Jk9uxng5jknlhhOd5ZJZcDYvVnj3NhIXj8S', 'IMG_20230715_194434_736.jpg', '', '27-09-23', ''),
(69, 'Muhammad khubaib Siddiqui', 'Muhammad asim Siddiqui', 'ak5075610@gmail.com', '3337163723', '2007-11-27', '3147781694', '3332632070', 'Male', 'A3 kohsar phase 1 airport road latifabad hydarabad', 'Enter (12th)', 0, '19', '', '', '', '', 'KhubaibSiddiqui98@yahoo.com', 'KhubaibSiddiqui98@yahoo.com', '6000', '$2y$10$9RGndIKzP4qvfubLlxcdk..bXQWwOr0Pnjx3XBaaD/q5PQQd.wyl6', 'Screenshot_20230927-191101.jpg', '', '27-09-23', ''),
(70, 'Muhammad Farhan khatri', 'Rizwan khatri', 'farhamrizwan72@gmail.com', '03332616595', '2006-06-02', '03147700190', '03332616595', 'Male', 'Latifabadnumber12hydrabadbarkatbhaitownblockb150', 'Matric (10th)', 0, '19', '', '', '', '', 'farhamrizwan72@gmail.com', 'farhamrizwan72@gmail.com', '6000', '$2y$10$aH27O7WaUtMVWkOtX8nqe.HdmKTkN9ol.Ha5kytOaeY1oqiRmGpHm', '16958257591642332583921744359780.jpg', '', '27-09-23', ''),
(71, 'Muhammad Asim', 'Abdul Saboor Memon', 'maddyeror@gmail.com', '03023290281', '2023-09-27', '03263131805', '03133012414', 'Male', 'Flat #A.01 Riaz luxury apartments opp HBL bank main road qasimabad Hyderabad', 'Enter (12th)', 0, '19', '', '', '', '', 'memonasimsaboor@gmail.com', 'memonasimsaboor@gmail.com', '6000', '$2y$10$53d9rWhoOrlN4H53UD5xt.KDFshnknkZijmjDApEZ3ii9eDNqhOLa', 'IMG_20230927_192450.jpg', '', '27-09-23', ''),
(72, 'AMAN MEMON', 'Aijaz ali Memon', 'aijazmemon130@gmail.com', '03153805434', '2007-07-27', '03028899782', '03154051234', 'Male', 'Al rehman cottages and banglos near toyata point motors qasimabad bypass', '8th Class', 0, '21', '', '', '', '', 'memonaman808@gmail.com', 'memonaman808@gmail.com', '6000', '$2y$10$RHo5qEMUpjJ.5LGJweOvXOTaSblLtuhd/mbvOUrurhzwOPZvZdwZ6', '4C798775-C04D-4507-85E6-60315AE601AB.jpeg', '', '28-09-23', ''),
(73, 'owais ali', 'syed munawar ali', 'muskanareeba13@gmail.com', '03413328288', '2006-05-26', '03198183635', '03332793946', 'Male', 'bismillah garden block3 latifabad hyderabad', 'Matric (10th)', 0, '19', '', '', '', '', 'owaisoff97@gmail.com', 'owaisoff97@gmail.com', '6000', '$2y$10$4IofFGutUaibO3GzPsTeIuvl.4kIUZXd.Xz53OkjUDWqKOJXhGkM6', '316442799_683401893422293_2996286527279057418_n(1).jpg', '', '28-09-23', ''),
(74, 'Umar khan', 'Arif khan', 'umarkhanuf2020@gmail.com', '03332650795', '2023-08-08', '03363137102', '03363137102', 'Male', 'Unit#10 latifabad hyderabad', 'Enter (12th)', 0, '4', '', '', '', '', 'umarkhanuf2020@gmail.com', 'umarkhanuf2020@gmail.com', '6000', '$2y$10$nJ37pTGI0bd5U01MbhSLV.3Npzie2uiuo2uarztOzMxiZveoC3jGy', 'IMG-20220806-WA0042.jpg', '', '28-09-23', ''),
(76, 'Ayan', 'Arslan', 'arslanmemon313@gmail.com', '3223140775', '2009-06-01', '3223142759', '3223140775', 'Male', 'Shahi bazar hyderabad', '8th Class', 0, '28', '', '', '', '', 'memonayan260@gamail.com', 'memonayan260@gamail.com', '6000', '$2y$10$5003.rG43kt5tCkwvqn/pOLuk0nK8j1QuQlze6O7mStQD25DFzmDa', 'IMG-20230521-WA0141(1).jpg', '', '30-09-23', ''),
(77, 'Shayanmemon', 'Aijaz Ali', 'sm1848688@gmail.com', '3115845736', '2006-01-05', '3164452655', '3164452655', 'Male', 'Unit#11 ayoub colony latifabad Hyderabad', 'Matric (10th)', 0, '4', '', '', '', '', 'sm1848688@gmail.com', 'sm1848688@gmail.com', '6000', '$2y$10$gMm2LZSr2qZiHepTSbSIAOUaz7BncpuyWKe1LxdR4RqGLc6hVQFbG', 'FB_IMG_1681982257976.jpg', '', '30-09-23', ''),
(78, 'M Ali Rizwan', 'M Rizwan', 'alisaikh106@gmail.com', '03123578166', '2023-09-13', '03123665002', '03123578166', 'Male', 'house num 74 Quaid e Azam colony main Afzal ground latifabad hyd', 'Enter (12th)', 0, '28', '', '', '', '', 'alisheikh095a@gmail.com', 'alisheikh095a@gmail.com', '6000', '$2y$10$15RogLomrajffawPwNejL.N/muFsyIMkcL/wbBb.ZuWbC/wp0vwb6', 'IMG-20230926-WA0446.jpg', '', '02-10-23', ''),
(79, 'Azhar ali', 'Ghulam hussain', 'azharali90909191@gmail.com', '3161020418', '1999-01-24', '3173187705', '3117978946', 'Male', 'Ansari mohalla paretabad hyderabad', 'Enter (12th)', 0, '18', '', '', '', '', 'azharali98873@gmail.com', 'azharali98873@gmail.com', '6000', '$2y$10$h8/N0dpO7c7fbbwaxdhS9OoyxsIKnu79NkpgpY5/C1tlAt4eU5SVy', 'IMG_20200406_035416_039.jpg', '', '02-10-23', ''),
(81, 'ERUM ALI', 'MUHAMMAD ALI', 'ali.erum1981@gmail.com', '03320368934', '1982-09-25', '03320368934', '03320368934', 'Female', 'H.No 48 hussain Villas near Maryan Garden kotri', 'Graduation (14 years)', 0, '10', '', '', '', '', 'ali.erum1981@gmail.com', 'ali.erum1981@gmail.com', '6000', '$2y$10$1jGKUWNTar7LI2WToWOHaOgnWHjx8I9skmIj25kLkSmvPhMx7wIIG', 'WhatsApp Image 2023-10-02 at 4.15.27 PM.jpeg', '', '02-10-23', ''),
(82, 'aniy', 'muhammad sabir', 'danizai200@gmail.com', '03023010040', '2000-01-26', '03180191238', '03243009342', 'Female', 'G/31 al waheed colony haliroad hyderabad', 'Graduation (14 years)', 0, '30', '', '', '', '', 'saniasheikh153@gmail.com', 'saniasheikh153@gmail.com', '6000', '$2y$10$9G2d1aVDb3X1BclCt/fkmuq0ECyTpatVitUWqpKw2cxCWjqGjWeyi', 'WhatsApp Image 2023-05-09 at 3.12.48 PM.jpeg', '', '02-10-23', ''),
(83, 'Muhammad Ahmed', 'Muhammad Imran', 'infoimranabbasi@gmail.com', '03156899679', '2008-02-20', '03272818401', '03156899679', 'Male', 'H NO 463/ amani shah cloney unit no 11 latifabad hyd', '8th Class', 0, '19', '', '', '', '', 'gamingguru135house@gmail.com', 'gamingguru135house@gmail.com', '6000', '$2y$10$O7Uu1IUPTWDFT8wvTwaBQOtVGjwyApgVrLXvN2Gfoec37hIw2wh7K', 'image_2023_04_12T09_29_48_758Z.png', '', '02-10-23', ''),
(84, 'Isha Abid', 'Abid Hussain', 'ishaarain756@gmail.com', '3073343833', '2003-02-01', '3093273624', '3073343833', 'Female', 'hyderabad', 'Enter (12th)', 0, '30', '', '', '', '', 'ishaarain756@gmail.com', 'ishaarain756@gmail.com', '6000', '$2y$10$f46bU9imeZ42kThI29FEJOHonJeqNvXFbYNxg7zG4CWGoCEYELPFC', 'isha.jpg', '', '02-10-23', ''),
(85, 'Ali hyder', 'Bahkt Ali', 'osamahyderabbasi993@gmail.com', '03013603662', '1999-06-15', '03030297467', '03030297467', 'Male', 'Ghareebabad colony kotri dist jamshoro', 'Graduation (14 years)', 0, '33', '', '', '', '', 'ah090626@gmail.com', 'ah090626@gmail.com', '6000', '$2y$10$lXwpSeHWgoGRgyelMrjR6O1aQ.lrJ6pHG4c3oziy7nC1pHuby1fzK', 'IMG-20200429-WA0186.jpg', '', '03-10-23', ''),
(87, 'Aman Bhatti', 'M Sabir Bhatti', 'amanbhatti2273@gmail.com', '3121300145', '21-09-2005', '3121300145', '3121300145', 'male', 'Near Jannat masjid Liaqat Qolony no#2 Hyderabad', 'Enter (12th)', 0, '19', '', '1', '+92', '2', 'amanbhatti2273@gmail.com', 'amanbhatti2273@gmail.com', '6000', '$2y$10$2Zv8EcXcug9eHS42UFCOdekO0CigU0elQbFeXHB8r0F4SeAYEJKX6', 'IMG-20230118-WA0059.jpg', '', '03-10-23', ''),
(89, 'Ahtisham khan', 'Nasir khan', 'ghanghra03@gmail.com', '3058128583', '22-08-2005', '3273674281', '3273674281', 'male', 'Village began ghanghro ghanghra mori hyderabad', 'Enter (12th)', 0, '24', '', '1', '+92', '2', 'ghanghra05@gmail.com', 'ghanghra05@gmail.com', '6000', '$2y$10$yJjJNGh5JOPjuRxXF5WA7e/8FO02vnMrUzbrHKgd6GKOQzt1yWVeO', 'IMG-20231003-WA0004.jpg', '', '04-10-23', ''),
(92, 'M Rafay', 'Abdul Rehman shaikh', 'muhammadrafayshiakh@gmail.com', '03123752806', '2007-05-09', '03243217102', '03003019458', 'Male', 'hyder chowk hyderabad', 'Enter (12th)', 0, '30', '', '', '', '', 'muhammadrafayshiakh@gmail.com', 'muhammadrafayshiakh@gmail.com', '6000', '$2y$10$J5mm8325.lIGaxPp5tcaf.52amL0b1IZHGbQDsC1jHPgQ4YmxObDO', '49ce4808-62aa-49e0-8e15-a7605599ba87.jpg', '', '04-10-23', ''),
(94, 'Shoaib Rajput', 'Muhammad Rashid', 'rashidtaak47@gmail.com', '3133093142', '2003-02-07', '3173141904', '3133093142', 'Male', 'Near baba fareed complex Liyaquat Colony Hyderabad', 'Enter (12th)', 0, '19', '', '', '', '', 'rajsahab9090@gmail.com', 'rajsahab9090@gmail.com', '6000', '$2y$10$aUqcFMe09cYdIoak9OfoB.i5227PiyMdxdkhw55Gs/oNL1/42KAMK', 'WhatsApp Image 2023-10-04 at 13.51.02_d8242b5a.jpg', '', '05-10-23', ''),
(96, 'Aqib shaikh', 'Saleem ahmed', 'shykhaqib88@gmail.com', '03334028703', '2001-04-30', '03073092730', '03334028703', 'Male', 'Kohsar housing society gernal public', 'Graduation (16 years)', 0, '8', '', '', '', '', 'shykhaqib9@gmail.com', 'shykhaqib9@gmail.com', '6000', '$2y$10$YgXsfgmLupyzw.FW9kKBFOnsNpPJTA7gw0IJptqI0DuVCSfUcjLvG', 'Picture.jpg', '', '05-10-23', ''),
(97, 'Haris Umer', 'Umer Din', 'ourinfo714@gmail.com', '3191286085', '2005-10-23', '3171299070', '3191286085', 'Male', 'House No:152 Street No:05 Noorani Basti Phuleli Hyderabad', 'Enter (12th)', 0, '20', '', '', '', '', 'harisumer8118@gmail.com', 'harisumer8118@gmail.com', '6000', '$2y$10$A6oTV/XqehOzuIfRvNOX4.K/BmOtQeZuS/YHgk2G7FaDRVUMK3WFG', 'IMG_20231005_172112_390~2.jpg', '', '05-10-23', ''),
(98, 'Salman Umer', 'Umer Din', 'ourinfo714@gmail.com', '3171299070', '2000-07-25', '3191286085', '3171299070', 'Male', 'House No:152 Street No:05 Noorani Basti Phuleli Hyderabad', 'Graduation (14 years)', 0, '20', '', '', '', '', 'salman.syed8118@gmail.com', 'salman.syed8118@gmail.com', '6000', '$2y$10$dezXGbkqOLhT/x4fXgmmsedSGmFVBoABQMy3G6s7aNvozPng3XoN.', 'IMG_20231005_172917_229~2.jpg', '', '05-10-23', ''),
(100, 'zaid mughal', 'parwaiz mughal', 'mparwaiz247@gmail.com', '03488076902', '2006-10-28', '03162262840', '03162262840', 'Male', 'mukhi bhage', 'Matric (10th)', 1, '21', '', '', '', '', 'zaidmughalbaig@gmail.com', 'zaidmughalbaig@gmail.com', '6000', '$2y$10$mkCnNYLZctbnETE6tTMGJuIR5Lz7DnID6xRjazu8h9szPJbihJ1xa', 'WhatsApp Image 2023-10-05 at 18.02.40_e79b5a0b.jpg', '', '05-10-23', ''),
(102, 'Shoaib Khan', 'Shahzad Khan', 'khanjeemotors1@gmail.com', '3433586010', '19-03-1994', '03323673737', '03433586010', 'male', 'House no 93, Block-D, Unit no 2, Latifabad, Hyd', 'Graduation (16 years)', 4, '16', '', '1', '+92', '2', 'shoaibkhanhyd19@gmail.com', 'shoaibkhanhyd19@gmail.com', '6000', '$2y$10$Od7jCTZSr/2aJm8.A2DgtORxNB0WAlt7jhM3ZoOfMm5hIryK5TRxu', '8S2A4754-removebg-preview (2).png', '', '06-10-23', ''),
(103, 'Azharuddin', 'Riazuddin', 'azhar2162@yahoo.com', '03453833340', '1991-10-04', '03133363742', '03163379253', 'Male', 'House number 23 near fatima masjid sakhi wahab housing schame norani basti hyderabad', 'Graduation (14 years)', 1, '7', '', '', '', '', 'qazhar3700@gmail.com', 'qazhar3700@gmail.com', '6000', '$2y$10$XqvcMZezblkByxUKGJFQo.7XIuDux5GcrqzboPxsEQ5spe2vIPX66', 'Screenshot_2023-10-05-21-19-33-286_com.facebook.katana.jpg', '', '06-10-23', ''),
(104, 'Abdul Rameez Farooqui', 'Abdul Shakeel Farooqui', 'Rameezfarooqi89@gmail.com', '3138800666', '1994-09-20', '03138896847', '3163071761', 'Male', 'House No 03 Malik Town Kotri', 'Masters', 1, '7', '', '', '', '', 'Rameezfarooqi720@gmail.com', 'Rameezfarooqi720@gmail.com', '6000', '$2y$10$pNmdKMNU3s6MoST8LPUxVOxUNDJu/q8nAaGfHdq9e02cWWWvgeF12', 'Rameez pics.jpg', '', '06-10-23', ''),
(113, 'Maaz', 'Sadruddin', 'asifafzalkhanali03333@gmail.com', '03163019477', '2005-08-17', '03173258145', '03173258145', 'Male', 'kachaqilashahfaisalcolonydeswalimohralla', 'Enter (12th)', 2, '20', '', '1', '+92', '2', 'maazdeswali15@gmail.com', 'maazdeswali15@gmail.com', '6000', '$2y$10$ilyolbz7KUHIK3b0VwQjgeFYEOBn/I5nrK3aMjv2X.2BXlc5jerAK', 'header.png', '', '12-10-23', ''),
(118, 'KiranBatool', 'MuhammadIsmail', 'Asifkhawer94@gmail.com', '3423150607', '2023-10-13', '3060928924', '3102460768', 'Female', 'Houseno:199Block:B Latifabadno #11Hyderabad', 'Enter (12th)', 3, '16', '', '1', '+92', '2', 'kiranbtaool99@gmail.com', 'kiranbtaool99@gmail.com', '6000', '$2y$10$1B5E0zrfRbg.3hwvQvjtjuZ/qV0QutSJfDzxroisDlSfLR3vYMI5i', 'WhatsApp Image 2023-10-13 at 01.16.02.jpg', '', '13-10-23', ''),
(119, 'Muhammad Affan', 'Muhammad Aqeel', 'aqeel.railway2020@gmail.com', '03213044660', '2008-09-21', '03308457592', '03152755540', 'Male', 'House no 134-B Unit no 10 Latifabad Hyderabad', '8th Class', 3, '24', '', '1', '+92', '2', 'okkhanop78@gmail.com', 'okkhanop78@gmail.com', '6000', '$2y$10$nKOW5prtecKhudQFwq29DedKYKc4214rna0YmYjZZRbQVrP3zR/RS', 'IMG_20230905_175320.jpg', '', '14-10-23', ''),
(120, 'Sadain Ahmed', 'Muhammad Saeed', 'sufianahmed1995@gmail.com', '3423749935', '2001-11-22', '3183185226', '3183185226', 'Male', 'House522#c unit no 8 near masjid jannat_ul_firdos masjid latifabad hyderabad', 'Matric (10th)', 2, '33', '', '1', '+92', '2', 'hafizsadain4992@gmail.com', 'hafizsadain4992@gmail.com', '6000', '$2y$10$6PCJ.lquf1tZRwwoXNtsD.e8yHAXpFal/LBaXA1t6APEWw3R3d.Ui', 'IMG_20230703_224511_289.jpg', '', '14-10-23', ''),
(121, 'Muhammad Aaban', 'Javed Iqbal', 'javediqbal3795@gmail.com', '03153115027', '2023-10-20', '03153115027', '03335044127', 'Male', 'F-1 airport colony hyderabad .', 'Matric (10th)', 1, '23', '', '1', '+92', '2', 'aaban3795@gmail.com', 'aaban3795@gmail.com', '6000', '$2y$10$GDeL7kfppK73oU7tQ.fUO..3T6frHRhHEA/EybP4/bp2PW2FZWeRS', 'CamScanner 10-17-2023 19.56 (1)_1.jpg', '', '20-10-23', ''),
(122, 'M Hassan', 'Dil Nawaz', 'mariadilnawaz889@gmail.com', '03003063832', '2010-09-05', '03327809854', '03003063832', 'Male', '777 B Ayoub Colony unit no 11 Latifabad HYD', '8th Class', 1, '21', '', '1', '+92', '2', 'mhassan2010@gmail.com', 'mhassan2010@gmail.com', '6000', '$2y$10$Qt5.wsUufSxe1HdhuxSYwePyYWiZcx21VWJGvPQfQk3WdC9z9G6.6', '6b58d988-c523-4a62-ba7e-4e5d25161ddd.jpeg', '', '20-10-23', ''),
(123, 'Muhammad Muaaz', 'Abid Khan', 'muaazk266@gmail.com', '03196850169', '2005-09-06', '03103102176', '03103102176', 'Male', 'House no 75 block D unit no 10 Latifabad Hyderabad', 'Matric (10th)', 1, '4', '', '1', '', '', 'muaazkhan266@gmail.com', 'muaazkhan266@gmail.com', '6000', '$2y$10$eFSJgh8mQ5TpjF429TUaq.XTFhl/j0II.NVEivGGPAqVdu1VoZ8Cu', 'CamScanner 05-17-2023 14.26_1 (1).jpg', '', '25-10-23', ''),
(124, 'Areesha Arbani', 'Akbar Ali', 'akbarali23@gmail.com', '03102718487', '04-02-2004', '03003072130', '03003072130', 'female', 'Mubarak Colony housing society', 'Enter (12th)', 1, '23', '', '1', '+92', '2', 'areeshaarbani344@gmail.com', 'areeshaarbani344@gmail.com', '6000', '$2y$10$lPHwZuZNIGRTxsIG4lD6muGA1jTurWk5hrgTv0HdLdZNF7995Sqae', 'IMG-20231027-WA0014.jpg', '', '30-10-23', ''),
(126, 'RAFAY AHMED SIDDIQUI', 'WAQAR AHMED', 'syedzulqarnain845@gmail.com', '3332601433', '1995-04-17', '3151309996', '3138147332', 'Male', 'HOUSE NO.298 BLOCK &quot;D&quot; UNIT NO.02 LATIFABAD HYDERABAD', 'Graduation (14 years)', 1, '23', '', '1', '+92', '2', 'siddiquir394@gmail.com', 'siddiquir394@gmail.com', '6000', '$2y$10$qAheyyHZokqe0I6QVYQn7eO3iKSRpTRVF9MH7hDTcAz2abawWEA7m', '17880590_1846133405654413_6873004645740554709_o.jpg', '', '30-10-23', ''),
(127, 'Atif mehmood', 'Ulfat mehmood', 'atifghazi8@gmail.com', '03194044252', '1986-06-01', '03194044252', '03194044252', 'Male', 'Meer khan clolney unit no 12 latifabad Hyderabad sindh', 'Masters', 3, '33', '', '1', '', '', 'atifghazi8@gmail.com', 'atifghazi8@gmail.com', '6000', '$2y$10$iwfU/WCIblvOun8GWU//.u0KuDLAqG6.b4A3gNYGa65muyg06/0La', '16984035570412909398882922037934.jpg', '', '31-10-23', ''),
(128, 'M Bilal', 'Abdul Moid', 'abdullahsh264@gmail.com', '3152284380', '2002-02-03', '3173846991', '3152284380', 'Male', 'House No 2495 E/27 Gunj Buksh Shah Ka Pir hyd', 'Graduation (14 years)', 4, '24', '', '1', '+92', '2', 'bsahabshsh123@gmail.com', 'bsahabshsh123@gmail.com', '6000', '$2y$10$U6ZOFk5pL2e7cvFoTWSRXOXjQ5sz2iH3bEtQZ/5SO6aA7e07TA8HK', 'file.jpg', '', '31-10-23', ''),
(129, 'Abdul Hadi', 'RIZWAN', 'Zunairarizwan14@gmail.com', '03322603961', '2008-01-21', '03463609194', '03322603961', 'Male', 'House no 773/B Ayoub colony Latifabad unit no 11 hyd', 'Matric (10th)', 4, '16', '', '1', '+92', '2', 'Hadishaikh907@gmail.com', 'Hadishaikh907@gmail.com', '6000', '$2y$10$awRvQyrelNJA4taXpUO5MO00GvzJER8C653AeGCo7DcbDHGPQ.5ba', 'WhatsApp Image 2023-07-11 at 6.43.02 PM.jpeg', '', '31-10-23', ''),
(130, 'Nashra Ahmed', 'WAQAR AHMED', 'syedzulqarnain845@gmail.com', '3332601433', '1993-03-17', '3352036267', '3138147332', 'Female', 'HOUSENO.298 BLOCK D UNIT.02 LATIFABAD HYDERABAD', 'Graduation (14 years)', 1, '23', '', '1', '+92', '2', 'nainu.ahmed143@gmail.com', 'nainu.ahmed143@gmail.com', '6000', '$2y$10$M0cQkKBF3UDQKe5XJd78zuY3N3jJpN7xfDqnpeYcWoIoP.2sAn0m2', 'WhatsApp Image 2023-10-31 at 9.59.09 AM.jpeg', '', '01-11-23', ''),
(131, 'Annas kareem', 'Abduk kareem', '', '', '1998-11-06', '03132619615', '', '', 'Gulcenter thandi sarak hyd', 'Graduation (14 years)', 1, '38', '', '1', '+92', '2', 'annaskareem98@gmail.com', 'annaskareem98@gmail.com', '6000', '$2y$10$vEr3xHN6ULbLqjW1ngTsBO2Fc5SkMv04/Epe7hDX6fAvF5alGn0TW', 'PHOTO-2023-04-02-20-12-17.jpg', '', '01-11-23', ''),
(132, 'Awais Ahmed', 'Shabir Ahmed', 'shabbeerbaladi@gmail.com', '03333454456', '2006-06-05', '03113389978', '03333454456', 'Male', 'H no B259 kohsar genarl public house latifabad hyderabad', 'Enter (12th)', 1, '23', '', '1', '+92', '2', 'awaisbalaid79@gmail.com', 'awaisbalaid79@gmail.com', '6000', '$2y$10$lL9IjVDBwJzb0tVHbi2/W.7h6etOxixiPwfBK0y5cWVq4xTL9DUZe', '1.webp', '', '09-11-23', ''),
(133, 'Haseeb Ahmed', 'Sher Muhammad', 'hk7488242@gmail.com', '03318965285', '2005-02-12', '03466330660', '03318965285', 'Male', 'sikanderabad colony kotri distk jamshooro', 'Enter (12th)', 1, '21', '', '1', '+92', '2', 'haseeb@gmail.com', 'hk7488242@gmail.com', '6000', '$2y$10$YtDlN7O5hprnu6F6IV.miOnO7Q7Tnw9xjSFD7SW0IomgM39/YhQZe', 'IPH-Post-Design.jpg', '', '10-11-23', ''),
(135, 'AYAZ ALI', 'MUHAMMAD SARWER', 'ayazansari3065323@gmail.com', '3153012673', '2006-02-01', '3438127014', '3153012673', 'Male', 'ansari muhallah paretabad', 'Matric (10th)', 4, '33', '', '1', '+92', '2', 'ayazansari8127014@gmail.com', 'ayazansari8127014@gmail.com', '6000', '$2y$10$xMnsAAfXqmeMnUSqM219p.yFCs7qX9pRbK6qBkGi6zKuWzgZJoc9a', 'WhatsApp Image 2023-11-13 at 12.48.03 AM.jpeg', '', '13-11-23', ''),
(136, 'Younis Baloch', 'Nazir hussain', 'younisnazir7@gmail.com', '03154628539', '1998-01-05', '03154628539', '03154628539', 'Male', 'Flat no B-6 , 2nd floor , Al-Hafeez luxury Apartment, Gmb colony , Qasimabad , Hyd', 'Matric (10th)', 4, '20', '', '1', '+92', '2', 'younisbaloch110@icloud.com', 'younisbaloch110@icloud.com', '6000', '$2y$10$OkdjdFaaS/9i3S/0KyrZG.9kuSHGt7e6P7oBrTkti4S5AZwfRcOaG', 'image.jpg', '', '16-11-23', ''),
(139, 'm anas', 'muhammad owais', 'incredibleinfo@gmail.com', '03133889331', '2023-11-29', '03133889331', '03133889331', 'Male', 'gulshane-farid illahi phase 2 hyderabad,sindh,pakistan', 'Graduation (14 years)', 7, '34', '', '1', '+92', '2', 'gulshahzad049@gmail.com', 'anas@pixxelhouse.com', '6000', '$2y$10$2dOJ.yIk/DmBW7dHNEcsmuDLDw5rFxxZYjekrS91G10YadMvP.Dcm', 'DreamShaper_v7_make_a_4k_image_of_polarization_of_electromagne_0.jpg', '', '25-11-23', ''),
(140, 'bilal', 'ahemd', 'bilalmullah634@gmail.com', '3130009331', '2023-11-21', '3130009331', '3130009331', 'Male', 'gulshane-farid illahi phase 2 hyderabad,sindh,pakistan', '8th Class', 12, '34', '', '1', '+92', '2', 'ahmedrazakhan478@gmail.com', 'bilalmallah634@gmail.com', '6000', '$2y$10$q6yf4jV4Xm0HuZUOYV8DNuc.h/iiXFSU5nDiSkFATqhRy6wYxC8Ka', 'DreamShaper_v7_4k_image_of_graph_theory_0.jpg', '', '25-11-23', ''),
(141, 'anasq', 'muhammad owais', 'incredibleinfo333@gmail.com', '03173889332', '2023-11-10', '03133889330', '03133889332', 'Male', 'gulshane-farid illahi phase 2 hyderabad,sindh,pakistan', 'Graduation (14 years)', 14, '34', '', '1', '+92', '3', 'anasq8644@gmail.com', 'anasq8644@gmail.com', '6000', '$2y$10$njn8PiODvqmParEBts0pR.qFLgGOCqV/IiG./XgK.2fxzgBSpD/gu', 'DreamShaper_v7_4k_image_scientist_james_clerk_maxwell_0.jpg', '', '25-11-23', ''),
(143, 'Muhammad Shahveer', 'Muhammad Shahid', 'shahveersiddique72724@gmail.com', '3251390370', '19-11-2005', '3180119734', '3251390370', 'male', 'memon hospital nishat chock hyderabad', 'Enter (12th)', 4, '35', '', '1', '+92', '2', 'shahveersiddiqui80@gmail.com', 'shahveersiddiqui80@gmail.com', '6000', '$2y$10$1xziv/GC1y6J.DA14D5AJeBSsMRvqZFn.z8XdRvuDLQH8QQKNdHr6', 'IMG_20231205_132937~2.jpg', '', '06-12-23', ''),
(144, 'Taha Shaikh', 'Waqar Azeem', 'alizasheikh486@gmail.com', '03113005259', '2000-07-08', '03100032212', '03471025245', 'Male', 'House no 87 Block A Barely Colony unit no 11 Latifabad Hyderabad', 'Graduation (14 years)', 3, '35', '', '1', '+92', '2', 'tahasheikh486@gmail.com', 'tahasheikh486@gmail.com', '6000', '$2y$10$mCy5OjdbMoSIq3EsIN4.eOV/V9.83qpT6ty6T9QmTycpIBjFB2MmS', 'WhatsApp Image 2023-07-18 at 5.46.43 AM.jpeg', '', '06-12-23', ''),
(145, 'muhammed anus', 'shaheen', 'shaheenkhari77@gmail.com', '03212358773', '2007-11-26', '03121027995', '03138375732', 'Male', 'house181 barket bhai town auto ban road latifabad hyderabad', 'Matric (10th)', 3, '35', '', '1', '+92', '2', 'anusshaheen111131@gmail.com', 'anusshaheen111131@gmail.com', '6000', '$2y$10$nGo8l6IQCppJQqKPwYnyN.zMaFoJKM48tl1.X19jubD51JqirE9De', 'IMG_20231124_223157_707.jpg', '', '06-12-23', ''),
(146, 'ALI RAZA', 'MUHAMMAD AYOUB', 'ahsanshaikhayoub@gmal.com', '03188225188', '2005-06-22', '03153192989', '03121380882', 'Male', 'Shahi baraz nain ka pir hyderabad pakistan', '8th Class', 4, '35', '', '1', '+92', '2', 'alishykh710@gmail.com', 'alishykh710@gmail.com', '6000', '$2y$10$JY0ORfQWSPAJbWeuPNMLluwnukJgxf82Qmcclse1/SYLY3sA1Ikji', 'WhatsApp Image 2023-11-30 at 4.15.51 PM.jpeg', '', '06-12-23', ''),
(147, 'Umar farooq', 'Ghayas', 'mohammadzaidshaikh031@gmail.com', '3453540226', '2006-11-01', '3352406919', '3148098277', 'Male', 'Latifabad# 10hyderabad house#155D', 'Matric (10th)', 1, '28', '', '1', '+92', '2', 'us1857649@gmail.com', 'us1857649@gmail.com', '6000', '$2y$10$ytEvcvmo4185Kru.IoG2EuiXTlNXOWParXaYTYcs6X5GT7OpEdiPy', '1700682698543~2.jpg', '', '14-12-23', ''),
(148, 'Saad sk', 'anwer', 'haseebshaikhOfficial.@gmail.com', '03162634119', '2023-12-14', '03319607759', '03162634119', 'Male', 'Latifabad nom 10 155D Block', '8th Class', 1, '28', '', '1', '+92', '2', 'humairaanwer31@gmail.com', 'humairaanwer31@gmail.com', '6000', '$2y$10$eXB4Gjs1SAC.zsUK5jKPt.aJtQWlY9CQbVsDHx3./EpArymwqzv2.', 'IMG-20231210-WA0001.jpg', '', '14-12-23', ''),
(150, 'abdul rehman', 'khalil hussain', 'abd.rehman@gmail.com', '3243658128', '1999-01-19', '3068570143', '3243658128', 'Male', 'flat#431 5th floor shaysis recedency naer rajputana hospital main jamshoro road qasimabad hyd', 'Graduation (16 years)', 4, '24', '', '1', '+92', '2', 'abd.rehman199@gmail.com', 'abd.rehman199@gmail.com', '6000', '$2y$10$8icGI.R.ArT6BFlpE8TxneOkWam/o8r01W9lnkciSeBvlBrqb2WVG', 'ali.jpg', '', '08-01-24', ''),
(152, 'Muhammad Hamza', 'Ali Akbar', 'aliakbar125260@gmail.com', '3332805260', '2000-03-03', '3133581954', '3113157307', 'Male', 'Hibba Medical Store Soomra Mohalla, Tando Muhammad Khan', 'Enter (12th)', 1, '36', '', '1', '+92', '2', 'hamzasoomro678@gmail.com', 'hamzasoomro678@gmail.com', '6000', '$2y$10$ioQk4SNxyIlnSmzbaSRmguf/mXlqO3882cQF1DjyWhD1gbzj.F4pe', 'webResult.jpg', '', '15-01-24', ''),
(153, 'Samad Raza', 'Aijaz Ahmed', 'hassanrazahassan746@gmail.com', '03103039174', '2002-05-18', '031533944320', '03103039174', 'Male', 'House NO 152/B Raiway volony hyd', 'Enter (12th)', 1, '36', '', '1', '+92', '2', 'samadrazababa@gmail.com', 'samadrazababa@gmail.com', '6000', '$2y$10$yUi6LwYplnaDlDeKg6YOhu2ObxMN3GQUMyOLj44XEWUaC8IEX5FjK', 'adobe_icon_and_logo_pack_01_lowpoly_s_3d_model_c4d_max_obj_fbx_ma_lwo_3ds_3dm_stl_3577449.png', '', '20-01-24', ''),
(154, 'Haseeb Ahmed', 'Abd ul Rouf', 'rouf80817@gmail.com', '03208642636', '2003-09-04', '03474419402', '03455809068', 'Male', 'Daq Khana Kaash, Boota,Tehsiel ,Zilah Attock', 'Matric (10th)', 1, '36', '', '1', '+92', '24', 'haseeb.402.ahmed@gmail.com', 'gmlllmemon@gmail.com', '6000', '$2y$10$pVe0oBSSttPhUVE5DyY88.yLBR.aWXoMIzIE6fhLbH0vQwVD6r1Zi', 'IMG_20231021_135236_875.jpg', '', '20-01-24', ''),
(155, 'Zubair Mangrio', 'Deedar Ali', 'zubairalippp@gmail.com', '3052422757', '2000-09-17', '3128211504', '3128211504', 'Male', 'jamshoro phatak', 'Enter (12th)', 1, '36', '', '1', '+92', '2', 'mangriozubair73@gmail.com', 'mangriozubair73@gmail.com', '6000', '$2y$10$hHie87k6M4VpTDpV757Mf.2QBRju0mhfotRL5UjFAXRFJBkDbdl.G', 'Frame 1 (1).png', '', '20-01-24', ''),
(156, 'Abdul Wasiq', 'Nadeem Ahmed', 'nadeemkhanpo2@gmail.com', '03173215641', '2003-01-07', '03103899675', '03103899675', 'Male', 'Gulshah colony near affandi town hyd', 'Enter (12th)', 1, '36', '', '1', '+92', '2', 'kwasiq366@gmail.com', 'kwasiq366@gmail.com', '6000', '$2y$10$p3KxTMBzvLFaemquDSQWmuqZQfHZvCxRGHwxr4qXUKBtpb2KbEpna', 'WhatsApp Image 2023-11-18 at 2.03.44 PM.jpeg', '', '20-01-24', ''),
(157, 'Minahil Butt', 'Imdad ali butt', 'imdadbutt1972@gmail.com', '03003018813', '2005-05-08', '03173000133', '03003018813', 'Female', 'house no 136 block A3 streat 9 bismillah city latifabad hyderabad', 'Enter (12th)', 3, '39', '', '1', '+92', '2', 'minahilbutt1389@gmail.com', 'minahilbutt1389@gmail.com', '6000', '$2y$10$glIWWYc7b0J3x.XAXHpx0eW0X6EGfK8qZk4X1ZEPhTAij.mdNmtpC', 'WhatsApp Image 2023-07-03 at 18.17.11.jpg', '', '26-01-24', ''),
(158, 'Muhammad Taha Shaikh', 'Abu Basar', 'hajiqadirbuxmehar@gmail.com', '3453600858', '2004-06-14', '3471288002', '3486935326', 'Male', 'Sachal sarmast colony husri', 'Enter (12th)', 3, '39', '', '1', '+92', '2', 'muhammadtahashaikh232@gmail.com', 'muhammadtahashaikh232@gmail.com', '6000', '$2y$10$9NyI6I3PggZxLjIb0/TojOgd9Ni1SMD76htSEVPtasuPx9fntgQVy', 'IMG-20231019-WA0029.jpg', '', '26-01-24', ''),
(159, 'Abdul Rafay', 'Naseer Ahmed', 'kharlnaseerahmed@gmail.com', '03332731281', '2005-09-28', '3278419654', '3123080934', 'Male', 'Houseno88mohalabhittaicolonykotrijamshoro', 'Enter (12th)', 3, '39', '', '1', '+92', '2', 'abrafay622@gmail.com', 'abrafay622@gmail.com', '6000', '$2y$10$5Qb9cqA4cR3ymefWRxaWP.XaTKAeMqRyhDXdSub.K82It820jcWKa', 'IMG_20230407_142406.jpg', '', '26-01-24', ''),
(160, 'Abdul Rehman', 'Aslam Hussain', 'drhussainaslam@gmail.com', '3008372642', '2001-04-18', '3213021684', '3008372642', 'Male', 'Street No 4 House No 46 Gulistan - E- Dastagir Colony Near Saima Plaza Old Hala Naka Road Hyderabad', 'Graduation (16 years)', 3, '39', '', '1', '+92', '2', 'arehmanarain40@gmail.com', 'arehmanarain40@gmail.com', '6000', '$2y$10$bDqDPkZoHxhDr6HWlaZIOO1VEyXJvB8tki2Q5AwwGGTpYm6ONASzq', 'IMG-20221122155147.jpeg', '', '27-01-24', ''),
(161, 'Ubaid Ur Rehman', 'M Mustaqeem', 'f34972134@gmail.com', '3337318631', '2007-02-05', '3213045250', '3337318631', 'Male', 'E/1719 shehwani mohalla hyd', 'Enter (12th)', 10, '38', '', '1', '+92', '2', 'f6250754@gmail.com', 'gmlllmemon@gmail.com', '6000', '$2y$10$O4AhvPxmMxx7Q19D29ohe.b0KFV6pGNDY36bWODRNdW1bmOdfGgtW', 'WhatsApp Image 2023-11-18 at 2.03.45 PM.jpeg', '', '27-01-24', ''),
(162, 'Abdul Waqar', 'Abdul gaffar', 'zeeshankharal106@gmail.com', '3253838415', '2007-09-01', '3272204842', '3253838415', 'Male', 'house no 119 muhala bhittai colony kotri jamshero', '8th Class', 3, '39', '', '1', '+92', '2', 'waqar786tt@gmail.com', 'waqar786tt@gmail.com', '6000', '$2y$10$bsl6wELO0dR.qzjIXXTTq.qly5l0ook/xHlSEJCUEyATDJhiVy8qO', 'WhatsApp Image 2023-11-24 at 15.06.47_3822c53c.jpg', '', '29-01-24', ''),
(163, 'Syed Sumair Ahmed Shah', 'Syed Nazar Muhammad Shah', 'syednazar597@gmail.com', '03063928039', '2000-11-25', '03103141151', '03079171191', 'Male', 'Street No 4 House No 49 Gulistan-E-Dastagir Colony Near Saima Plaza, Hala Road Hyderabad', 'Graduation (16 years)', 3, '39', '', '1', '+92', '2', 'syedsumair606@gmail.com', 'syedsumair606@gmail.com', '6000', '$2y$10$Om8cNunIzS6b12Y0MRrWDOGw0ZV.IqvLSppFrtA3lln28VJhmfPHW', 'WIN_20240129_19_29_02_Pro.jpg', '', '29-01-24', ''),
(164, 'Iqra Khan', 'Abdul Sattar Khan', 'uk025568@gmail.com', '3213078002', '2005-10-26', '3153772058', '3133244502', 'Female', 'house no 777 shahi bazar malik para kotri', 'Enter (12th)', 4, '39', '', '1', '+92', '332', 'iqra26005@gmail.com', 'gmlllmemon@gmail.com', '6000', '$2y$10$Qs1SNH2T0aPhZStSj7FYZOFh90pWl0Fy1aCO2GOVpYdV/8cLy5pAS', 'WhatsApp Image 2023-11-24 at 15.06.47_3822c53c.jpg', '', '30-01-24', '');

-- --------------------------------------------------------

--
-- Table structure for table `students_fees`
--

CREATE TABLE `students_fees` (
  `Id` int(11) NOT NULL,
  `std_data` int(11) NOT NULL,
  `batch_data` int(11) NOT NULL,
  `feeAmount` varchar(255) NOT NULL,
  `fees_status` varchar(255) NOT NULL,
  `month` varchar(255) NOT NULL,
  `date` varchar(255) NOT NULL
) ENGINE=InnoDB DEFAULT CHARSET=utf8mb4 COLLATE=utf8mb4_general_ci;

--
-- Dumping data for table `students_fees`
--

INSERT INTO `students_fees` (`Id`, `std_data`, `batch_data`, `feeAmount`, `fees_status`, `month`, `date`) VALUES
(2, 7, 10, '6000', '0', 'February', '1-2-2024'),
(3, 8, 10, '6000', '0', 'February', '1-2-2024'),
(4, 12, 10, '6000', '0', 'February', '1-2-2024'),
(5, 15, 3, '6000', '0', 'February', '1-2-2024'),
(6, 16, 3, '6000', '0', 'February', '1-2-2024'),
(7, 17, 3, '6000', '0', 'February', '1-2-2024'),
(8, 24, 4, '6000', '0', 'February', '1-2-2024'),
(9, 26, 20, '6000', '0', 'February', '1-2-2024'),
(10, 28, 5, '6000', '0', 'February', '1-2-2024'),
(11, 29, 8, '6000', '0', 'February', '1-2-2024'),
(12, 30, 22, '6000', '0', 'February', '1-2-2024'),
(13, 31, 10, '6000', '0', 'February', '1-2-2024'),
(14, 32, 18, '6000', '0', 'February', '1-2-2024'),
(15, 33, 22, '6000', '0', 'February', '1-2-2024'),
(16, 34, 21, '6000', '0', 'February', '1-2-2024'),
(17, 35, 5, '6000', '0', 'February', '1-2-2024'),
(18, 36, 28, '6000', '0', 'February', '1-2-2024'),
(19, 41, 24, '6000', '0', 'February', '1-2-2024'),
(20, 42, 24, '6000', '0', 'February', '1-2-2024'),
(21, 43, 28, '6000', '0', 'February', '1-2-2024'),
(22, 44, 21, '6000', '0', 'February', '1-2-2024'),
(23, 47, 28, '6000', '0', 'February', '1-2-2024'),
(24, 48, 28, '6000', '0', 'February', '1-2-2024'),
(25, 49, 3, '6000', '0', 'February', '1-2-2024'),
(26, 50, 21, '6000', '0', 'February', '1-2-2024'),
(27, 51, 5, '6000', '0', 'February', '1-2-2024'),
(28, 54, 4, '6000', '0', 'February', '1-2-2024'),
(29, 55, 5, '6000', '0', 'February', '1-2-2024'),
(30, 56, 28, '6000', '0', 'February', '1-2-2024'),
(31, 58, 30, '6000', '0', 'February', '1-2-2024'),
(32, 59, 38, '6000', '0', 'February', '1-2-2024'),
(33, 60, 18, '6000', '0', 'February', '1-2-2024'),
(34, 61, 18, '6000', '0', 'February', '1-2-2024'),
(35, 63, 19, '6000', '0', 'February', '1-2-2024'),
(36, 64, 18, '6000', '0', 'February', '1-2-2024'),
(37, 65, 30, '6000', '0', 'February', '1-2-2024'),
(38, 66, 19, '6000', '0', 'February', '1-2-2024'),
(39, 67, 19, '6000', '0', 'February', '1-2-2024'),
(40, 68, 19, '6000', '0', 'February', '1-2-2024'),
(41, 69, 19, '6000', '0', 'February', '1-2-2024'),
(42, 70, 19, '6000', '0', 'February', '1-2-2024'),
(43, 71, 19, '6000', '0', 'February', '1-2-2024'),
(44, 72, 21, '6000', '0', 'February', '1-2-2024'),
(45, 73, 19, '6000', '0', 'February', '1-2-2024'),
(46, 74, 4, '6000', '0', 'February', '1-2-2024'),
(47, 76, 28, '6000', '0', 'February', '1-2-2024'),
(48, 77, 4, '6000', '0', 'February', '1-2-2024'),
(49, 78, 28, '6000', '0', 'February', '1-2-2024'),
(50, 79, 18, '6000', '0', 'February', '1-2-2024'),
(51, 81, 10, '6000', '0', 'February', '1-2-2024'),
(52, 82, 30, '6000', '0', 'February', '1-2-2024'),
(53, 83, 19, '6000', '0', 'February', '1-2-2024'),
(54, 84, 30, '6000', '0', 'February', '1-2-2024'),
(55, 85, 33, '6000', '0', 'February', '1-2-2024'),
(56, 87, 19, '6000', '0', 'February', '1-2-2024'),
(57, 89, 24, '6000', '0', 'February', '1-2-2024'),
(58, 92, 30, '6000', '0', 'February', '1-2-2024'),
(59, 94, 19, '6000', '0', 'February', '1-2-2024'),
(60, 96, 8, '6000', '0', 'February', '1-2-2024'),
(61, 97, 20, '6000', '0', 'February', '1-2-2024'),
(62, 98, 20, '6000', '0', 'February', '1-2-2024'),
(63, 100, 21, '6000', '0', 'February', '1-2-2024'),
(64, 102, 16, '6000', '0', 'February', '1-2-2024'),
(65, 103, 7, '6000', '0', 'February', '1-2-2024'),
(66, 104, 7, '6000', '0', 'February', '1-2-2024'),
(67, 113, 20, '6000', '0', 'February', '1-2-2024'),
(68, 118, 16, '6000', '0', 'February', '1-2-2024'),
(69, 119, 24, '6000', '0', 'February', '1-2-2024'),
(70, 120, 33, '6000', '0', 'February', '1-2-2024'),
(71, 121, 23, '6000', '0', 'February', '1-2-2024'),
(72, 122, 21, '6000', '0', 'February', '1-2-2024'),
(73, 123, 4, '6000', '0', 'February', '1-2-2024'),
(74, 124, 23, '6000', '0', 'February', '1-2-2024'),
(75, 126, 23, '6000', '0', 'February', '1-2-2024'),
(76, 127, 33, '6000', '0', 'February', '1-2-2024'),
(77, 128, 24, '6000', '0', 'February', '1-2-2024'),
(78, 129, 16, '6000', '0', 'February', '1-2-2024'),
(79, 130, 23, '6000', '0', 'February', '1-2-2024'),
(80, 131, 38, '6000', '0', 'February', '1-2-2024'),
(81, 132, 23, '6000', '0', 'February', '1-2-2024'),
(82, 133, 21, '6000', '0', 'February', '1-2-2024'),
(83, 135, 33, '6000', '0', 'February', '1-2-2024'),
(84, 136, 20, '6000', '0', 'February', '1-2-2024'),
(85, 139, 34, '6000', '0', 'February', '1-2-2024'),
(86, 140, 34, '6000', '0', 'February', '1-2-2024'),
(87, 141, 34, '6000', '0', 'February', '1-2-2024'),
(88, 143, 35, '6000', '0', 'February', '1-2-2024'),
(89, 144, 35, '6000', '0', 'February', '1-2-2024'),
(90, 145, 35, '6000', '0', 'February', '1-2-2024'),
(91, 146, 35, '6000', '0', 'February', '1-2-2024'),
(92, 147, 28, '6000', '0', 'February', '1-2-2024'),
(93, 148, 28, '6000', '0', 'February', '1-2-2024'),
(94, 150, 24, '6000', '0', 'February', '1-2-2024'),
(95, 152, 36, '6000', '0', 'February', '1-2-2024'),
(96, 153, 36, '6000', '0', 'February', '1-2-2024'),
(97, 154, 36, '6000', '0', 'February', '1-2-2024'),
(98, 155, 36, '6000', '0', 'February', '1-2-2024'),
(99, 156, 36, '6000', '0', 'February', '1-2-2024'),
(100, 157, 39, '6000', '0', 'February', '1-2-2024'),
(101, 158, 39, '6000', '0', 'February', '1-2-2024'),
(102, 159, 39, '6000', '0', 'February', '1-2-2024'),
(103, 160, 39, '6000', '0', 'February', '1-2-2024'),
(104, 161, 38, '6000', '0', 'February', '1-2-2024'),
(105, 162, 39, '6000', '0', 'February', '1-2-2024'),
(106, 163, 39, '6000', '0', 'February', '1-2-2024'),
(107, 164, 39, '6000', '0', 'February', '1-2-2024'),
(108, 16, 3, '6000', '0', 'March', '29-2-2024');

-- --------------------------------------------------------

--
-- Table structure for table `students_test`
--

CREATE TABLE `students_test` (
  `sno` int(11) NOT NULL,
  `students_id` varchar(255) DEFAULT NULL,
  `batch_id` varchar(255) DEFAULT NULL,
  `topic` varchar(255) DEFAULT NULL,
  `question_ids` varchar(1000) DEFAULT NULL,
  `answers` varchar(1000) DEFAULT NULL,
  `total_questions` varchar(500) NOT NULL,
  `result` varchar(500) NOT NULL,
  `percentage` varchar(500) NOT NULL,
  `approved` varchar(10) DEFAULT NULL
) ENGINE=InnoDB DEFAULT CHARSET=utf8mb4 COLLATE=utf8mb4_general_ci;

--
-- Dumping data for table `students_test`
--

INSERT INTO `students_test` (`sno`, `students_id`, `batch_id`, `topic`, `question_ids`, `answers`, `total_questions`, `result`, `percentage`, `approved`) VALUES
(1, '54', '4', NULL, NULL, NULL, '', '', '', NULL),
(2, 'ouriph.staff@gmail.com', '34', '', '1,2,4,7,9', 'Hyper Transfer Markup Language,It defines a hyperlink.,Bullet point,Colorful Style Sheets,It defines a table.', '5', '0', '', NULL),
(3, 'pixxel.staff@gmail.com', '34', '', '4,6,7,9,10', 'Bold text,It defines a section in the document.,Cascading Style Sheets,It defines a hyperlink.,<a>', '5', '2', '', NULL),
(4, 'pixxel.staff@gmail.com', '34', '', '4,6,7,9,10', 'Bold text,It defines a section in the document.,Cascading Style Sheets,It defines a hyperlink.,<a>', '5', '2', '', NULL),
(5, 'ouriph.staff@gmail.com', '34', '', '1,2,4,7,9', 'Hyper Transfer Markup Language,It defines a hyperlink.,Bullet point,Colorful Style Sheets,It defines a table.', '5', '0', '', NULL),
(6, 'pixxel.staff@gmail.com', '34', '', '4,6,7,9,10', 'Bold text,It defines a section in the document.,Cascading Style Sheets,It defines a hyperlink.,<a>', '5', '2', '', NULL),
(7, 'ouriph.staff@gmail.com', '34', '', '1,2,4,7,9', 'Hyper Transfer Markup Language,It defines a hyperlink.,Bullet point,Colorful Style Sheets,It defines a table.', '5', '0', '', NULL),
(8, 'ouriph.staff@gmail.com', '34', NULL, NULL, NULL, '', '', '', NULL);

-- --------------------------------------------------------

--
-- Table structure for table `teacher`
--

CREATE TABLE `teacher` (
  `teacher_id` int(11) NOT NULL,
  `teacher_name` varchar(255) DEFAULT NULL,
  `teacher_email` varchar(255) DEFAULT NULL,
  `teacher_contact` varchar(255) DEFAULT NULL,
  `gender` varchar(10) NOT NULL,
  `cnic` varchar(255) DEFAULT NULL,
  `quli` varchar(255) DEFAULT NULL,
  `exper` varchar(255) DEFAULT NULL,
  `address` varchar(255) DEFAULT NULL,
  `portal_email` varchar(255) DEFAULT NULL,
  `portal_password` varchar(255) DEFAULT NULL,
  `teacher_image` varchar(500) NOT NULL
) ENGINE=InnoDB DEFAULT CHARSET=utf8mb4 COLLATE=utf8mb4_general_ci;

--
-- Dumping data for table `teacher`
--

INSERT INTO `teacher` (`teacher_id`, `teacher_name`, `teacher_email`, `teacher_contact`, `gender`, `cnic`, `quli`, `exper`, `address`, `portal_email`, `portal_password`, `teacher_image`) VALUES
(1, 'Sir Usman', 'mu47724@gmail.com', '03361185647', 'Male', '4130406330753', 'Graduation (16 years)', '10 Yers', 'Latifabad Hyd', 'mu47724@gmail.com', '$2y$10$P.M9T1P7uebglly3WmR9IOnLM..az2dR2XG0Fr04UcKj2R6kIf1RG', '1693392341.png'),
(2, 'Sir Qaiser', 'qaiserkha964@gmail.com', '03358193511', 'Male', '4130477665071', 'Graduation (14 years)', '1 Years', 'Unit #7/B Latifabad hyd', 'qaiserkha964@gmail.com', '$2y$10$LuTiS2l1ZshC3EF7U068SuikW9dSpGGLjV4xzLtYCDleOKRWWoNfK', '1693392299.png'),
(3, 'Sir Faheem', 'fa093671@gmail.com', '03312155823', 'Male', '4130474272247', 'Graduation (14 years)', ' 7 Years', 'H #19/B2 Railway Employee Housing Society main auto bahn road near Masjid - e - Khizra unit # 03 latifabad hyderabad sindh pakistan', 'fa093671@gmail.com', '$2y$10$l4HB0Xkn19AvkTL0Et6CnuOVXKLBSB89PMeBAS0nQh8cV1df8UTby', '1693392387.png'),
(4, 'Sir Khizar', 'shaikhkhizi@gmail.com', '03033003751', 'Male', '4130474697523', 'Graduation (14 years)', '3 years', 'H 111/D Unit no 5 Latifabad Hyd', 'shaikhkhizi@gmail.com', '$2y$10$eUq0D1HB6x9CPO3TSRdP3O03MFEmNsfND35Nx2A3No4iIfBuGefdS', '1696257453.png'),
(7, 'Sir Zubair', 'pixxel.house2004@gmail.com', '03163222199', 'Male', '4130455178345', 'Masters', '20 years', 'Latifabad Hyd', 'pixxel.house2004@gmail.com', '$2y$10$58XQXdPKJU9hXKmFsX8EZO..yIQA..BloQyNa54lb50Qrwli75FjS', '1693401244.png'),
(8, 'Miss Hina', 'hsyeda703@gmail.com', '03103776998', 'Female', '4130373418850', 'Masters', '6 years', 'GOR  Colony  HYD', 'hsyeda703@gmail.com', '$2y$10$CcrqUZkoZSse50VW.u3PQ./rucGD1vydk5eNuNOOoo5TgGpmnjJJy', '1693581431.png'),
(9, 'Mehmood Baig Mughal', 'mehmoodbaigmughal@gmail.com', '03313499695', 'Male', '4130458082077', 'Masters', ' 7 Years', 'latifabad no 11', 'mehmoodbaigmughal@gmail.com', '$2y$10$7RsWrJ7KS72rIM9DiApXKecOj1UDHMRYTnr3Fgq0WRDuD.1.wBYVy', '06.10.2023_17.03.59_REC.png');

-- --------------------------------------------------------

--
-- Table structure for table `test_admin`
--

CREATE TABLE `test_admin` (
  `sno` int(11) NOT NULL,
  `user_name` varchar(255) NOT NULL,
  `email` varchar(255) NOT NULL,
  `password` varchar(255) NOT NULL,
  `image` varchar(500) NOT NULL
) ENGINE=InnoDB DEFAULT CHARSET=utf8mb4 COLLATE=utf8mb4_general_ci;

--
-- Dumping data for table `test_admin`
--

INSERT INTO `test_admin` (`sno`, `user_name`, `email`, `password`, `image`) VALUES
(1, 'test_admin', 'pixxeltest@pixxel.com', '$2y$10$nkHRkMTjKs2cS14qUIjmSuC6iCMVkgvuSrg8q1MQfRXexvPrHNQ5q', ''),
(1, 'test_admin', 'pixxeltest@pixxel.com', '$2y$10$nkHRkMTjKs2cS14qUIjmSuC6iCMVkgvuSrg8q1MQfRXexvPrHNQ5q', '');

-- --------------------------------------------------------

--
-- Table structure for table `test_batch`
--

CREATE TABLE `test_batch` (
  `sno` int(11) NOT NULL,
  `batch_name` varchar(255) DEFAULT NULL,
  `on` varchar(255) DEFAULT NULL,
  `test_topic` varchar(500) DEFAULT NULL,
  `total_questions` varchar(500) NOT NULL,
  `hours` varchar(100) DEFAULT NULL,
  `minutes` varchar(500) DEFAULT NULL
) ENGINE=InnoDB DEFAULT CHARSET=utf8mb4 COLLATE=utf8mb4_general_ci;

--
-- Dumping data for table `test_batch`
--

INSERT INTO `test_batch` (`sno`, `batch_name`, `on`, `test_topic`, `total_questions`, `hours`, `minutes`) VALUES
(1, '1', '05-10-23', '1', '10', '0', '10'),
(2, '34', '06-10-23', '1', '5', '0', '20');

-- --------------------------------------------------------

--
-- Table structure for table `test_topic`
--

CREATE TABLE `test_topic` (
  `sno` int(11) NOT NULL,
  `topic_name` varchar(2000) DEFAULT NULL
) ENGINE=InnoDB DEFAULT CHARSET=utf8mb4 COLLATE=utf8mb4_general_ci;

--
-- Dumping data for table `test_topic`
--

INSERT INTO `test_topic` (`sno`, `topic_name`) VALUES
(1, 'HTML'),
(2, 'CSS');

--
-- Indexes for dumped tables
--

--
-- Indexes for table `attandance`
--
ALTER TABLE `attandance`
  ADD PRIMARY KEY (`attendance_id`),
  ADD KEY `attandance_ibfk_3` (`batch_name`);

--
-- Indexes for table `batch`
--
ALTER TABLE `batch`
  ADD PRIMARY KEY (`batch_id`),
  ADD KEY `teacher` (`teacher`);

--
-- Indexes for table `change_student`
--
ALTER TABLE `change_student`
  ADD PRIMARY KEY (`sno`);

--
-- Indexes for table `city`
--
ALTER TABLE `city`
  ADD PRIMARY KEY (`city_sno`),
  ADD KEY `country_id` (`country_id`);

--
-- Indexes for table `complain`
--
ALTER TABLE `complain`
  ADD PRIMARY KEY (`Id`);

--
-- Indexes for table `country`
--
ALTER TABLE `country`
  ADD PRIMARY KEY (`country_sno`);

--
-- Indexes for table `course`
--
ALTER TABLE `course`
  ADD PRIMARY KEY (`Id`);

--
-- Indexes for table `left_student`
--
ALTER TABLE `left_student`
  ADD PRIMARY KEY (`sno`);

--
-- Indexes for table `main_admin`
--
ALTER TABLE `main_admin`
  ADD PRIMARY KEY (`sno`);

--
-- Indexes for table `notification`
--
ALTER TABLE `notification`
  ADD PRIMARY KEY (`Id`);

--
-- Indexes for table `old_batch_data`
--
ALTER TABLE `old_batch_data`
  ADD PRIMARY KEY (`sno`);

--
-- Indexes for table `panelty`
--
ALTER TABLE `panelty`
  ADD PRIMARY KEY (`Id`);

--
-- Indexes for table `pending_students`
--
ALTER TABLE `pending_students`
  ADD PRIMARY KEY (`sno`),
  ADD KEY `course` (`course`);

--
-- Indexes for table `query`
--
ALTER TABLE `query`
  ADD PRIMARY KEY (`sno`);

--
-- Indexes for table `questions`
--
ALTER TABLE `questions`
  ADD PRIMARY KEY (`sno`);

--
-- Indexes for table `rating`
--
ALTER TABLE `rating`
  ADD PRIMARY KEY (`id`);

--
-- Indexes for table `students`
--
ALTER TABLE `students`
  ADD PRIMARY KEY (`sno`);

--
-- Indexes for table `students_fees`
--
ALTER TABLE `students_fees`
  ADD PRIMARY KEY (`Id`);

--
-- Indexes for table `students_test`
--
ALTER TABLE `students_test`
  ADD PRIMARY KEY (`sno`);

--
-- Indexes for table `teacher`
--
ALTER TABLE `teacher`
  ADD PRIMARY KEY (`teacher_id`);

--
-- Indexes for table `test_batch`
--
ALTER TABLE `test_batch`
  ADD PRIMARY KEY (`sno`);

--
-- Indexes for table `test_topic`
--
ALTER TABLE `test_topic`
  ADD PRIMARY KEY (`sno`);

--
-- AUTO_INCREMENT for dumped tables
--

--
-- AUTO_INCREMENT for table `attandance`
--
ALTER TABLE `attandance`
  MODIFY `attendance_id` int(11) NOT NULL AUTO_INCREMENT, AUTO_INCREMENT=526;

--
-- AUTO_INCREMENT for table `batch`
--
ALTER TABLE `batch`
  MODIFY `batch_id` int(11) NOT NULL AUTO_INCREMENT, AUTO_INCREMENT=40;

--
-- AUTO_INCREMENT for table `change_student`
--
ALTER TABLE `change_student`
  MODIFY `sno` int(11) NOT NULL AUTO_INCREMENT, AUTO_INCREMENT=14;

--
-- AUTO_INCREMENT for table `city`
--
ALTER TABLE `city`
  MODIFY `city_sno` int(11) NOT NULL AUTO_INCREMENT, AUTO_INCREMENT=333;

--
-- AUTO_INCREMENT for table `complain`
--
ALTER TABLE `complain`
  MODIFY `Id` int(11) NOT NULL AUTO_INCREMENT, AUTO_INCREMENT=4;

--
-- AUTO_INCREMENT for table `country`
--
ALTER TABLE `country`
  MODIFY `country_sno` int(11) NOT NULL AUTO_INCREMENT, AUTO_INCREMENT=30;

--
-- AUTO_INCREMENT for table `course`
--
ALTER TABLE `course`
  MODIFY `Id` int(11) NOT NULL AUTO_INCREMENT, AUTO_INCREMENT=23;

--
-- AUTO_INCREMENT for table `left_student`
--
ALTER TABLE `left_student`
  MODIFY `sno` int(11) NOT NULL AUTO_INCREMENT, AUTO_INCREMENT=50;

--
-- AUTO_INCREMENT for table `main_admin`
--
ALTER TABLE `main_admin`
  MODIFY `sno` int(11) NOT NULL AUTO_INCREMENT, AUTO_INCREMENT=4;

--
-- AUTO_INCREMENT for table `notification`
--
ALTER TABLE `notification`
  MODIFY `Id` int(11) NOT NULL AUTO_INCREMENT, AUTO_INCREMENT=10;

--
-- AUTO_INCREMENT for table `old_batch_data`
--
ALTER TABLE `old_batch_data`
  MODIFY `sno` int(11) NOT NULL AUTO_INCREMENT, AUTO_INCREMENT=8;

--
-- AUTO_INCREMENT for table `panelty`
--
ALTER TABLE `panelty`
  MODIFY `Id` int(11) NOT NULL AUTO_INCREMENT, AUTO_INCREMENT=2;

--
-- AUTO_INCREMENT for table `pending_students`
--
ALTER TABLE `pending_students`
  MODIFY `sno` int(11) NOT NULL AUTO_INCREMENT, AUTO_INCREMENT=160;

--
-- AUTO_INCREMENT for table `query`
--
ALTER TABLE `query`
  MODIFY `sno` int(11) NOT NULL AUTO_INCREMENT, AUTO_INCREMENT=6;

--
-- AUTO_INCREMENT for table `questions`
--
ALTER TABLE `questions`
  MODIFY `sno` int(11) NOT NULL AUTO_INCREMENT, AUTO_INCREMENT=12;

--
-- AUTO_INCREMENT for table `rating`
--
ALTER TABLE `rating`
  MODIFY `id` int(11) NOT NULL AUTO_INCREMENT, AUTO_INCREMENT=5;

--
-- AUTO_INCREMENT for table `students`
--
ALTER TABLE `students`
  MODIFY `sno` int(11) NOT NULL AUTO_INCREMENT, AUTO_INCREMENT=167;

--
-- AUTO_INCREMENT for table `students_fees`
--
ALTER TABLE `students_fees`
  MODIFY `Id` int(11) NOT NULL AUTO_INCREMENT, AUTO_INCREMENT=109;

--
-- AUTO_INCREMENT for table `students_test`
--
ALTER TABLE `students_test`
  MODIFY `sno` int(11) NOT NULL AUTO_INCREMENT, AUTO_INCREMENT=9;

--
-- AUTO_INCREMENT for table `teacher`
--
ALTER TABLE `teacher`
  MODIFY `teacher_id` int(11) NOT NULL AUTO_INCREMENT, AUTO_INCREMENT=10;

--
-- AUTO_INCREMENT for table `test_batch`
--
ALTER TABLE `test_batch`
  MODIFY `sno` int(11) NOT NULL AUTO_INCREMENT, AUTO_INCREMENT=3;

--
-- AUTO_INCREMENT for table `test_topic`
--
ALTER TABLE `test_topic`
  MODIFY `sno` int(11) NOT NULL AUTO_INCREMENT, AUTO_INCREMENT=3;

--
-- Constraints for dumped tables
--

--
-- Constraints for table `attandance`
--
ALTER TABLE `attandance`
  ADD CONSTRAINT `attandance_ibfk_3` FOREIGN KEY (`batch_name`) REFERENCES `batch` (`batch_id`);

--
-- Constraints for table `batch`
--
ALTER TABLE `batch`
  ADD CONSTRAINT `batch_ibfk_1` FOREIGN KEY (`teacher`) REFERENCES `teacher` (`teacher_id`);

--
-- Constraints for table `city`
--
ALTER TABLE `city`
  ADD CONSTRAINT `city_ibfk_1` FOREIGN KEY (`country_id`) REFERENCES `country` (`country_sno`);
COMMIT;

/*!40101 SET CHARACTER_SET_CLIENT=@OLD_CHARACTER_SET_CLIENT */;
/*!40101 SET CHARACTER_SET_RESULTS=@OLD_CHARACTER_SET_RESULTS */;
/*!40101 SET COLLATION_CONNECTION=@OLD_COLLATION_CONNECTION */;
